公司代號,公司名稱,公司簡稱,產業別,上市公司產業類別,上櫃公司產業類別,新編碼
1101,台灣水泥股份有限公司,台泥,01,水泥工業,--,01
1102,亞洲水泥股份有限公司,亞泥,01,水泥工業,--,01
1103,嘉新水泥股份有限公司,嘉泥,01,水泥工業,--,01
1104,環球水泥股份有限公司,環泥,01,水泥工業,--,01
1108,幸福水泥股份有限公司,幸福,01,水泥工業,--,01
1109,信大水泥股份有限公司,信大,01,水泥工業,--,01
1110,東南水泥股份有限公司,東泥,01,水泥工業,--,01
1201,味全食品工業股份有限公司,味全,02,食品工業,食品工業,02
1203,味王股份有限公司,味王,02,食品工業,食品工業,02
1210,大成長城企業股份有限公司,大成,02,食品工業,食品工業,02
1213,大西洋飲料股份有限公司,大飲,02,食品工業,食品工業,02
1215,台灣卜蜂企業股份有限公司,卜蜂,02,食品工業,食品工業,02
1216,統一企業股份有限公司,統一,02,食品工業,食品工業,02
1217,愛之味股份有限公司,愛之味,02,食品工業,食品工業,02
1218,泰山企業股份有限公司,泰山,02,食品工業,食品工業,02
1219,福壽實業股份有限公司,福壽,02,食品工業,食品工業,02
1220,台榮產業股份有限公司,台榮,02,食品工業,食品工業,02
1225,福懋油脂股份有限公司,福懋油,02,食品工業,食品工業,02
1227,佳格食品股份有限公司,佳格,02,食品工業,食品工業,02
1229,聯華實業投資控股股份有限公司,聯華,02,食品工業,食品工業,02
1231,聯華食品工業股份有限公司,聯華食,02,食品工業,食品工業,02
1232,大統益股份有限公司,大統益,02,食品工業,食品工業,02
1233,天仁茶業股份有限公司,天仁,02,食品工業,食品工業,02
1234,黑松股份有限公司,黑松,02,食品工業,食品工業,02
1235,興泰實業股份有限公司,興泰,02,食品工業,食品工業,02
1236,宏亞食品股份有限公司,宏亞,02,食品工業,食品工業,02
1256,鮮活控股股份有限公司,鮮活果汁-KY,02,食品工業,食品工業,02
1301,台灣塑膠工業股份有限公司,台塑,03,塑膠工業,塑膠工業,03
1303,南亞塑膠工業股份有限公司,南亞,03,塑膠工業,塑膠工業,03
1304,台灣聚合化學品股份有限公司,台聚,03,塑膠工業,塑膠工業,03
1305,華夏海灣塑膠股份有限公司,華夏,03,塑膠工業,塑膠工業,03
1307,三芳化學工業股份有限公司,三芳,03,塑膠工業,塑膠工業,03
1308,亞洲聚合股份有限公司,亞聚,03,塑膠工業,塑膠工業,03
1309,台達化學工業股份有限公司,台達化,03,塑膠工業,塑膠工業,03
1310,台灣苯乙烯工業股份有限公司,台苯,03,塑膠工業,塑膠工業,03
1312,國喬石油化學股份有限公司,國喬,03,塑膠工業,塑膠工業,03
1313,聯成化學科技股份有限公司,聯成,03,塑膠工業,塑膠工業,03
1314,中國石油化學工業開發(股)公司,中石化,03,塑膠工業,塑膠工業,03
1315,達新工業股份有限公司,達新,03,塑膠工業,塑膠工業,03
1316,上曜建設開發股份有限公司,上曜,14,建材營造,建材營造,14
1319,東陽實業廠股份有限公司,東陽,12,汽車工業,--,12
1321,大洋塑膠工業股份有限公司,大洋,03,塑膠工業,塑膠工業,03
1323,永裕塑膠工業股份有限公司,永裕,03,塑膠工業,塑膠工業,03
1324,地球綜合工業股份有限公司,地球,03,塑膠工業,塑膠工業,03
1325,恒大股份有限公司,恆大,03,塑膠工業,塑膠工業,03
1326,台灣化學纖維股份有限公司,台化,03,塑膠工業,塑膠工業,03
1337,亞洲塑膠再生資源控股有限公司,再生-KY,03,塑膠工業,塑膠工業,03
1338,廣華控股有限公司,廣華-KY,12,汽車工業,--,12
1339,昭輝實業股份有限公司,昭輝,12,汽車工業,--,12
1340,勝悅新材料有限公司,勝悅-KY,03,塑膠工業,塑膠工業,03
1341,富林塑膠工業(開曼)控股(股)公司,富林-KY,03,塑膠工業,塑膠工業,03
1342,八貫企業股份有限公司,八貫,20,其他,其他,20
1402,遠東新世紀股份有限公司,遠東新,04,紡織纖維,紡織纖維,04
1409,新光合成纖維股份有限公司,新纖,04,紡織纖維,紡織纖維,04
1410,南洋染整股份有限公司,南染,04,紡織纖維,紡織纖維,04
1413,宏洲纖維工業股份有限公司,宏洲,04,紡織纖維,紡織纖維,04
1414,東和紡織股份有限公司,東和,04,紡織纖維,紡織纖維,04
1416,廣豐實業股份有限公司,廣豐,20,其他,其他,20
1417,嘉裕股份有限公司,嘉裕,04,紡織纖維,紡織纖維,04
1418,東華合纖股份有限公司,東華,04,紡織纖維,紡織纖維,04
1419,新光紡織股份有限公司,新紡,04,紡織纖維,紡織纖維,04
1423,利華羊毛工業股份有限公司,利華,04,紡織纖維,紡織纖維,04
1432,大魯閣實業股份有限公司,大魯閣,18,貿易百貨,貿易百貨,18
1434,福懋興業股份有限公司,福懋,04,紡織纖維,紡織纖維,04
1435,中福國際(股)公司,中福,20,其他,其他,20
1436,華友聯開發股份有限公司(原福益),華友聯,14,建材營造,建材營造,14
1437,勤益投資控股股份有限公司,勤益控,20,其他,其他,20
1438,三地開發地產股份有限公司,三地開發,14,建材營造,建材營造,14
1439,中和羊毛工業股份有限公司,中和,04,紡織纖維,紡織纖維,04
1440,臺南紡織股份有限公司,南紡,04,紡織纖維,紡織纖維,04
1441,大東紡織股份有限公司,大東,04,紡織纖維,紡織纖維,04
1442,名軒開發股份有限公司,名軒,14,建材營造,建材營造,14
1443,立益紡織股份有限公司,立益,20,其他,其他,20
1444,力麗企業股份有限公司,力麗,04,紡織纖維,紡織纖維,04
1445,大宇紡織股份有限公司,大宇,04,紡織纖維,紡織纖維,04
1446,宏和精密紡織股份有限公司,宏和,04,紡織纖維,紡織纖維,04
1447,力鵬企業股份有限公司,力鵬,04,紡織纖維,紡織纖維,04
1449,佳和實業股份有限公司,佳和,04,紡織纖維,紡織纖維,04
1451,年興紡織股份有限公司,年興,04,紡織纖維,紡織纖維,04
1452,宏益纖維工業股份有限公司,宏益,04,紡織纖維,紡織纖維,04
1453,大將開發股份有限公司,大將,14,建材營造,建材營造,14
1454,台灣富綢纖維股份有限公司,台富,04,紡織纖維,紡織纖維,04
1455,集盛實業股份有限公司,集盛,04,紡織纖維,紡織纖維,04
1456,怡華實業股份有限公司,怡華,14,建材營造,建材營造,14
1457,宜進實業股份有限公司,宜進,04,紡織纖維,紡織纖維,04
1459,聯發紡織纖維股份有限公司,聯發,04,紡織纖維,紡織纖維,04
1460,宏遠興業股份有限公司,宏遠,04,紡織纖維,紡織纖維,04
1463,強盛染整股份有限公司,強盛,04,紡織纖維,紡織纖維,04
1464,得力實業股份有限公司,得力,04,紡織纖維,紡織纖維,04
1465,偉全實業股份有限公司,偉全,04,紡織纖維,紡織纖維,04
1466,聚隆纖維股份有限公司,聚隆,04,紡織纖維,紡織纖維,04
1467,南緯實業股份有限公司,南緯,04,紡織纖維,紡織纖維,04
1468,昶和纖維興業股份有限公司,昶和,04,紡織纖維,紡織纖維,04
1470,大統新創股份有限公司,大統新創,04,紡織纖維,紡織纖維,04
1471,首利實業股份有限公司,首利,28,電子零組件業,電子零組件業,28
1472,三洋紡織纖維股份有限公司,三洋紡,04,紡織纖維,紡織纖維,04
1473,台南企業股份有限公司,台南,04,紡織纖維,紡織纖維,04
1474,弘裕企業股份有限公司,弘裕,04,紡織纖維,紡織纖維,04
1475,台灣業旺股份有限公司,業旺,04,紡織纖維,紡織纖維,04
1476,儒鴻企業股份有限公司,儒鴻,04,紡織纖維,紡織纖維,04
1477,聚陽實業股份有限公司,聚陽,04,紡織纖維,紡織纖維,04
1503,士林電機廠股份有限公司,士電,05,電機機械,電機機械,05
1504,東元電機股份有限公司,東元,05,電機機械,電機機械,05
1506,正道工業股份有限公司,正道,05,電機機械,電機機械,05
1507,永大機電工業股份有限公司,永大,05,電機機械,電機機械,05
1512,瑞利企業股份有限公司,瑞利,12,汽車工業,--,12
1513,中興電工機械股份有限公司,中興電,05,電機機械,電機機械,05
1514,亞力電機股份有限公司,亞力,05,電機機械,電機機械,05
1515,力山工業股份有限公司,力山,05,電機機械,電機機械,05
1516,川飛能源股份有限公司,川飛,20,其他,其他,20
1517,利奇機械工業股份有限公司,利奇,05,電機機械,電機機械,05
1519,華城電機股份有限公司,華城,05,電機機械,電機機械,05
1521,大億交通工業製造股份有限公司,大億,12,汽車工業,--,12
1522,堤維西交通工業股份有限公司,堤維西,12,汽車工業,--,12
1524,耿鼎企業股份有限公司,耿鼎,12,汽車工業,--,12
1525,江申工業股份有限公司,江申,12,汽車工業,--,12
1526,日馳企業股份有限公司,日馳,05,電機機械,電機機械,05
1527,鑽全實業股份有限公司,鑽全,05,電機機械,電機機械,05
1528,恩德科技股份有限公司,恩德,05,電機機械,電機機械,05
1529,樂士股份有限公司,樂士,05,電機機械,電機機械,05
1530,亞崴機電股份有限公司,亞崴,05,電機機械,電機機械,05
1531,高林股份有限公司,高林股,05,電機機械,電機機械,05
1532,勤美股份有限公司,勤美,05,電機機械,電機機械,05
1533,車王電子股份有限公司,車王電,12,汽車工業,--,12
1535,中宇環保工程股份有限公司,中宇,05,電機機械,電機機械,05
1536,和大工業股份有限公司,和大,12,汽車工業,--,12
1537,廣隆光電科技股份有限公司,廣隆,05,電機機械,電機機械,05
1538,正峰工業股份有限公司,正峰,05,電機機械,電機機械,05
1539,巨庭機械股份有限公司,巨庭,05,電機機械,電機機械,05
1540,喬福機械工業股份有限公司,喬福,05,電機機械,電機機械,05
1541,錩泰工業股份有限公司,錩泰,05,電機機械,電機機械,05
1558,伸興工業股份有限公司,伸興,05,電機機械,電機機械,05
1560,中國砂輪企業股份有限公司,中砂,05,電機機械,電機機械,05
1568,倉佑實業股份有限公司,倉佑,12,汽車工業,--,12
1582,信錦企業股份有限公司,信錦,28,電子零組件業,電子零組件業,28
1583,程泰機械股份有限公司,程泰,05,電機機械,電機機械,05
1587,吉茂精密股份有限公司,吉茂,12,汽車工業,--,12
1589,永冠能源科技集團有限公司,永冠-KY,05,電機機械,電機機械,05
1590,亞德客國際集團,亞德客-KY,05,電機機械,電機機械,05
1592,英瑞國際股份有限公司,英瑞-KY,12,汽車工業,--,12
1597,直得科技股份有限公司,直得,05,電機機械,電機機械,05
1598,岱宇國際股份有限公司,岱宇,22,生技醫療業,生技醫療業,22
1603,中華電線電纜股份有限公司,華電,06,電器電纜,電器電纜,06
1604,聲寶股份有限公司,聲寶,06,電器電纜,電器電纜,06
1605,華新麗華股份有限公司,華新,06,電器電纜,電器電纜,06
1608,華榮電線電纜股份有限公司,華榮,06,電器電纜,電器電纜,06
1609,大亞電線電纜股份有限公司,大亞,06,電器電纜,電器電纜,06
1611,中國電器股份有限公司,中電,06,電器電纜,電器電纜,06
1612,宏泰電工股份有限公司,宏泰,06,電器電纜,電器電纜,06
1614,台灣三洋電機股份有限公司,三洋電,06,電器電纜,電器電纜,06
1615,大山電線電纜股份有限公司,大山,06,電器電纜,電器電纜,06
1616,億泰電線電纜股份有限公司,億泰,06,電器電纜,電器電纜,06
1617,榮星電線工業股份有限公司,榮星,06,電器電纜,電器電纜,06
1618,合機電線電纜股份有限公司,合機,06,電器電纜,電器電纜,06
1626,艾美特(開曼)國際有限公司,艾美特-KY,06,電器電纜,電器電纜,06
1701,中國化學製藥股份有限公司,中化,22,生技醫療業,生技醫療業,22
1702,南僑投資控股股份有限公司,南僑,02,食品工業,食品工業,02
1707,葡萄王生技股份有限公司,葡萄王,22,生技醫療業,生技醫療業,22
1708,東鹼股份有限公司,東鹼,21,化學工業,化學工業,21
1709,和益化學工業股份有限公司,和益,21,化學工業,化學工業,21
1710,東聯化學股份有限公司,東聯,21,化學工業,化學工業,21
1711,臺灣永光化學工業股份有限公司,永光,21,化學工業,化學工業,21
1712,興農股份有限公司,興農,21,化學工業,化學工業,21
1713,國泰化工廠股份有限公司,國化,21,化學工業,化學工業,21
1714,和桐化學股份有限公司,和桐,21,化學工業,化學工業,21
1717,長興材料工業股份有限公司,長興,21,化學工業,化學工業,21
1718,中國人造纖維股份有限公司,中纖,21,化學工業,化學工業,21
1720,生達化學製藥股份有限公司,生達,22,生技醫療業,生技醫療業,22
1721,三晃股份有限公司,三晃,21,化學工業,化學工業,21
1722,台灣肥料股份有限公司,台肥,21,化學工業,化學工業,21
1723,中鋼碳素化學股份有限公司,中碳,21,化學工業,化學工業,21
1724,台硝股份有限公司,台硝,21,化學工業,化學工業,21
1725,元禎企業股份有限公司,元禎,21,化學工業,化學工業,21
1726,永記造漆工業股份有限公司,永記,21,化學工業,化學工業,21
1727,臺灣中華化學工業股份有限公司,中華化,21,化學工業,化學工業,21
1730,花仙子企業股份有限公司,花仙子,21,化學工業,化學工業,21
1731,美吾華股份有限公司,美吾華,22,生技醫療業,生技醫療業,22
1732,毛寶股份有限公司,毛寶,21,化學工業,化學工業,21
1733,五鼎生物技術股份有限公司,五鼎,22,生技醫療業,生技醫療業,22
1734,杏輝藥品工業股份有限公司,杏輝,22,生技醫療業,生技醫療業,22
1735,日勝化工股份有限公司,日勝化,21,化學工業,化學工業,21
1736,喬山健康科技股份有限公司,喬山,22,生技醫療業,生技醫療業,22
1737,臺鹽實業股份有限公司,臺鹽,02,食品工業,食品工業,02
1760,寶齡富錦生技股份有限公司,寶齡富錦,22,生技醫療業,生技醫療業,22
1762,中化合成生技股份有限公司,中化生,22,生技醫療業,生技醫療業,22
1773,勝一化工股份有限公司,勝一,21,化學工業,化學工業,21
1776,展宇科技材料股份有限公司,展宇,21,化學工業,化學工業,21
1783,和康生物科技股份有限公司,和康生,22,生技醫療業,生技醫療業,22
1786,科妍生物科技股份有限公司,科妍,22,生技醫療業,生技醫療業,22
1789,台灣神隆股份有限公司,神隆,22,生技醫療業,生技醫療業,22
1795,美時化學製藥股份有限公司,美時,22,生技醫療業,生技醫療業,22
1802,台灣玻璃工業股份有限公司,台玻,08,玻璃陶瓷,玻璃陶瓷,08
1805,寶徠建設股份有限公司,寶徠,14,建材營造,建材營造,14
1806,冠軍建材股份有限公司,冠軍,08,玻璃陶瓷,玻璃陶瓷,08
1808,潤隆建設股份有限公司,潤隆,14,建材營造,建材營造,14
1809,中國製釉股份有限公司,中釉,08,玻璃陶瓷,玻璃陶瓷,08
1810,和成欣業股份有限公司,和成,08,玻璃陶瓷,玻璃陶瓷,08
1817,凱撒衛浴股份有限公司,凱撒衛,08,玻璃陶瓷,玻璃陶瓷,08
1903,士林紙業股份有限公司,士紙,09,造紙工業,--,09
1904,正隆股份有限公司,正隆,09,造紙工業,--,09
1905,中華紙漿股份有限公司,華紙,09,造紙工業,--,09
1906,寶隆國際股份有限公司,寶隆,09,造紙工業,--,09
1907,永豐餘投資控股股份有限公司,永豐餘,09,造紙工業,--,09
1909,榮成紙業股份有限公司,榮成,09,造紙工業,--,09
2002,中國鋼鐵股份有限公司,中鋼,10,鋼鐵工業,鋼鐵工業,10
2006,東和鋼鐵企業股份有限公司,東和鋼鐵,10,鋼鐵工業,鋼鐵工業,10
2007,燁興企業股份有限公司,燁興,10,鋼鐵工業,鋼鐵工業,10
2008,高興昌鋼鐵股份有限公司,高興昌,10,鋼鐵工業,鋼鐵工業,10
2009,第一伸銅科技股份有限公司,第一銅,10,鋼鐵工業,鋼鐵工業,10
2010,春源鋼鐵工業股份有限公司,春源,10,鋼鐵工業,鋼鐵工業,10
2012,春雨工廠股份有限公司,春雨,10,鋼鐵工業,鋼鐵工業,10
2013,中國鋼鐵結構股份有限公司,中鋼構,10,鋼鐵工業,鋼鐵工業,10
2014,中鴻鋼鐵股份有限公司,中鴻,10,鋼鐵工業,鋼鐵工業,10
2015,豐興鋼鐵股份有限公司,豐興,10,鋼鐵工業,鋼鐵工業,10
2017,官田鋼鐵股份有限公司,官田鋼,10,鋼鐵工業,鋼鐵工業,10
2020,美亞鋼管廠股份有限公司,美亞,10,鋼鐵工業,鋼鐵工業,10
2022,聚亨企業股份有限公司,聚亨,10,鋼鐵工業,鋼鐵工業,10
2023,燁輝企業股份有限公司,燁輝,10,鋼鐵工業,鋼鐵工業,10
2024,志聯工業股份有限公司,志聯,10,鋼鐵工業,鋼鐵工業,10
2025,千興不銹鋼(股)公司,千興,10,鋼鐵工業,鋼鐵工業,10
2027,大成不銹鋼工業股份有限公司,大成鋼,10,鋼鐵工業,鋼鐵工業,10
2028,威致鋼鐵工業股份有限公司,威致,10,鋼鐵工業,鋼鐵工業,10
2029,盛餘股份有限公司,盛餘,10,鋼鐵工業,鋼鐵工業,10
2030,彰源企業股份有限公司,彰源,10,鋼鐵工業,鋼鐵工業,10
2031,新光鋼鐵股份有限公司,新光鋼,10,鋼鐵工業,鋼鐵工業,10
2032,新鋼工業股份有限公司,新鋼,10,鋼鐵工業,鋼鐵工業,10
2033,佳大世界股份有限公司,佳大,10,鋼鐵工業,鋼鐵工業,10
2034,允強實業股份有限公司,允強,10,鋼鐵工業,鋼鐵工業,10
2038,海光企業股份有限公司,海光,10,鋼鐵工業,鋼鐵工業,10
2049,上銀科技股份有限公司,上銀,05,電機機械,電機機械,05
2059,川湖科技股份有限公司,川湖,28,電子零組件業,電子零組件業,28
2062,橋椿金屬股份有限公司,橋椿,20,其他,其他,20
2069,運錩鋼鐵股份有限公司,運錩,10,鋼鐵工業,鋼鐵工業,10
2101,南港輪胎股份有限公司,南港,11,橡膠工業,橡膠工業,11
2102,泰豐輪胎股份有限公司,泰豐,11,橡膠工業,橡膠工業,11
2103,台橡股份有限公司,台橡,11,橡膠工業,橡膠工業,11
2104,國際中橡投資控股股份有限公司,國際中橡,11,橡膠工業,橡膠工業,11
2105,正新橡膠工業股份有限公司,正新,11,橡膠工業,橡膠工業,11
2106,建大工業股份有限公司,建大,11,橡膠工業,橡膠工業,11
2107,厚生股份有限公司,厚生,11,橡膠工業,橡膠工業,11
2108,南帝化學工業股份有限公司,南帝,11,橡膠工業,橡膠工業,11
2109,華豐橡膠工業股份有限公司,華豐,11,橡膠工業,橡膠工業,11
2114,鑫永銓股份有限公司,鑫永銓,11,橡膠工業,橡膠工業,11
2115,六暉控股股份有限公司,六暉-KY,12,汽車工業,--,12
2201,裕隆汽車製造股份有限公司,裕隆,12,汽車工業,--,12
2204,中華汽車工業股份有限公司,中華,12,汽車工業,--,12
2206,三陽工業股份有限公司,三陽工業,12,汽車工業,--,12
2207,和泰汽車股份有限公司,和泰車,12,汽車工業,--,12
2208,台灣國際造船股份有限公司,台船,15,航運業,航運業,15
2211,長榮鋼鐵股份有限公司,長榮鋼,10,鋼鐵工業,鋼鐵工業,10
2227,裕隆日產汽車股份有限公司,裕日車,12,汽車工業,--,12
2228,劍麟股份有限公司,劍麟,12,汽車工業,--,12
2231,為升電裝工業股份有限公司,為升,12,汽車工業,--,12
2233,宇隆科技股份有限公司,宇隆,12,汽車工業,--,12
2236,百達精密工業股份有限公司,百達-KY,12,汽車工業,--,12
2239,開曼英利工業股份有限公司,英利-KY,12,汽車工業,--,12
2241,艾姆勒車電股份有限公司,艾姆勒,12,汽車工業,--,12
2243,宏旭控股股份有限公司,宏旭-KY,12,汽車工業,--,12
2247,汎德永業汽車股份有限公司,汎德永業,12,汽車工業,--,12
2250,第一化成控股(開曼)股份有限公司,IKKA-KY,12,汽車工業,--,12
2301,光寶科技股份有限公司,光寶科,25,電腦及週邊設備業,電腦及週邊設備業,25
2302,麗正國際科技股份有限公司,麗正,24,半導體業,半導體業,24
2303,聯華電子股份有限公司,聯電,24,半導體業,半導體業,24
2305,全友電腦股份有限公司,全友,25,電腦及週邊設備業,電腦及週邊設備業,25
2308,台達電子工業股份有限公司,台達電,28,電子零組件業,電子零組件業,28
2312,金寶電子工業股份有限公司,金寶,31,其他電子業,其他電子業,31
2313,華通電腦股份有限公司,華通,28,電子零組件業,電子零組件業,28
2314,台揚科技股份有限公司,台揚,27,通信網路業,通信網路業,27
2316,楠梓電子股份有限公司,楠梓電,28,電子零組件業,電子零組件業,28
2317,鴻海精密工業股份有限公司,鴻海,31,其他電子業,其他電子業,31
2321,東訊股份有限公司,東訊,27,通信網路業,通信網路業,27
2323,中環股份有限公司,中環,26,光電業,光電業,26
2324,仁寶電腦工業股份有限公司,仁寶,25,電腦及週邊設備業,電腦及週邊設備業,25
2327,國巨股份有限公司,國巨,28,電子零組件業,電子零組件業,28
2328,廣宇科技股份有限公司,廣宇,28,電子零組件業,電子零組件業,28
2329,華泰電子股份有限公司,華泰,24,半導體業,半導體業,24
2330,台灣積體電路製造股份有限公司,台積電,24,半導體業,半導體業,24
2331,精英電腦股份有限公司,精英,25,電腦及週邊設備業,電腦及週邊設備業,25
2332,友訊科技股份有限公司,友訊,27,通信網路業,通信網路業,27
2337,旺宏電子股份有限公司,旺宏,24,半導體業,半導體業,24
2338,台灣光罩股份有限公司,光罩,24,半導體業,半導體業,24
2340,光磊科技股份有限公司,光磊,26,光電業,光電業,26
2342,台灣茂矽電子股份有限公司,茂矽,24,半導體業,半導體業,24
2344,華邦電子股份有限公司,華邦電,24,半導體業,半導體業,24
2345,智邦科技股份有限公司,智邦,27,通信網路業,通信網路業,27
2347,聯強國際股份有限公司,聯強,29,電子通路業,電子通路業,29
2348,海悅國際開發股份有限公司,海悅,20,其他,其他,20
2349,錸德科技股份有限公司,錸德,26,光電業,光電業,26
2351,順德工業股份有限公司,順德,24,半導體業,半導體業,24
2352,佳世達科技股份有限公司,佳世達,25,電腦及週邊設備業,電腦及週邊設備業,25
2353,宏碁股份有限公司,宏碁,25,電腦及週邊設備業,電腦及週邊設備業,25
2354,鴻準精密工業股份有限公司,鴻準,31,其他電子業,其他電子業,31
2355,敬鵬工業股份有限公司,敬鵬,28,電子零組件業,電子零組件業,28
2356,英業達股份有限公司,英業達,25,電腦及週邊設備業,電腦及週邊設備業,25
2357,華碩電腦股份有限公司,華碩,25,電腦及週邊設備業,電腦及週邊設備業,25
2358,廷鑫興業股份有限公司,廷鑫,20,其他,其他,20
2359,所羅門股份有限公司,所羅門,31,其他電子業,其他電子業,31
2360,致茂電子股份有限公司,致茂,31,其他電子業,其他電子業,31
2362,藍天電腦股份有限公司,藍天,25,電腦及週邊設備業,電腦及週邊設備業,25
2363,矽統科技股份有限公司,矽統,24,半導體業,半導體業,24
2364,倫飛電腦實業股份有限公司,倫飛,25,電腦及週邊設備業,電腦及週邊設備業,25
2365,昆盈企業股份有限公司,昆盈,25,電腦及週邊設備業,電腦及週邊設備業,25
2367,燿華電子股份有限公司,燿華,28,電子零組件業,電子零組件業,28
2368,金像電子(股)公司,金像電,28,電子零組件業,電子零組件業,28
2369,菱生精密工業股份有限公司,菱生,24,半導體業,半導體業,24
2371,大同股份有限公司,大同,05,電機機械,電機機械,05
2373,震旦行股份有限公司,震旦行,31,其他電子業,其他電子業,31
2374,佳能企業股份有限公司,佳能,26,光電業,光電業,26
2375,凱美電機股份有限公司,凱美,28,電子零組件業,電子零組件業,28
2376,技嘉科技股份有限公司,技嘉,25,電腦及週邊設備業,電腦及週邊設備業,25
2377,微星科技股份有限公司,微星,25,電腦及週邊設備業,電腦及週邊設備業,25
2379,瑞昱半導體股份有限公司,瑞昱,24,半導體業,半導體業,24
2380,虹光精密工業股份有限公司,虹光,25,電腦及週邊設備業,電腦及週邊設備業,25
2382,廣達電腦股份有限公司,廣達,25,電腦及週邊設備業,電腦及週邊設備業,25
2383,台光電子材料股份有限公司,台光電,28,電子零組件業,電子零組件業,28
2385,群光電子股份有限公司,群光,28,電子零組件業,電子零組件業,28
2387,精元電腦股份有限公司,精元,25,電腦及週邊設備業,電腦及週邊設備業,25
2388,威盛電子股份有限公司,威盛,24,半導體業,半導體業,24
2390,云辰電子開發股份有限公司,云辰,31,其他電子業,其他電子業,31
2392,正崴精密工業股份有限公司,正崴,28,電子零組件業,電子零組件業,28
2393,億光電子工業股份有限公司,億光,26,光電業,光電業,26
2395,研華股份有限公司,研華,25,電腦及週邊設備業,電腦及週邊設備業,25
2397,友通資訊股份有限公司,友通,25,電腦及週邊設備業,電腦及週邊設備業,25
2399,映泰股份有限公司,映泰,25,電腦及週邊設備業,電腦及週邊設備業,25
2401,凌陽科技股份有限公司,凌陽,24,半導體業,半導體業,24
2402,毅嘉科技股份有限公司,毅嘉,28,電子零組件業,電子零組件業,28
2404,漢唐集成股份有限公司,漢唐,31,其他電子業,其他電子業,31
2405,浩鑫股份有限公司,浩鑫,25,電腦及週邊設備業,電腦及週邊設備業,25
2406,國碩科技工業股份有限公司,國碩,26,光電業,光電業,26
2408,南亞科技股份有限公司,南亞科,24,半導體業,半導體業,24
2409,友達光電股份有限公司,友達,26,光電業,光電業,26
2412,中華電信股份有限公司,中華電,27,通信網路業,通信網路業,27
2413,環隆科技股份有限公司,環科,28,電子零組件業,電子零組件業,28
2414,精技電腦股份有限公司,精技,29,電子通路業,電子通路業,29
2415,錩新科技股份有限公司,錩新,28,電子零組件業,電子零組件業,28
2417,圓剛科技股份有限公司,圓剛,25,電腦及週邊設備業,電腦及週邊設備業,25
2419,仲琦科技股份有限公司,仲琦,27,通信網路業,通信網路業,27
2420,新巨企業股份有限公司,新巨,28,電子零組件業,電子零組件業,28
2421,建準電機工業股份有限公司,建準,28,電子零組件業,電子零組件業,28
2423,固緯電子實業股份有限公司,固緯,31,其他電子業,其他電子業,31
2424,隴華電子股份有限公司,隴華,25,電腦及週邊設備業,電腦及週邊設備業,25
2425,承啟科技股份有限公司,承啟,25,電腦及週邊設備業,電腦及週邊設備業,25
2426,鼎元光電科技股份有限公司,鼎元,26,光電業,光電業,26
2427,三商電腦股份有限公司,三商電,30,資訊服務業,資訊服務業,30
2428,興勤電子工業股份有限公司,興勤,28,電子零組件業,電子零組件業,28
2429,銘旺科技股份有限公司,銘旺科,26,光電業,光電業,26
2430,燦坤實業股份有限公司,燦坤,29,電子通路業,電子通路業,29
2431,聯昌電子企業股份有限公司,聯昌,28,電子零組件業,電子零組件業,28
2433,互盛股份有限公司,互盛電,31,其他電子業,其他電子業,31
2434,統懋半導體股份有限公司,統懋,24,半導體業,半導體業,24
2436,偉詮電子股份有限公司,偉詮電,24,半導體業,半導體業,24
2438,翔耀實業股份有限公司,翔耀,26,光電業,光電業,26
2439,美律實業股份有限公司,美律,27,通信網路業,通信網路業,27
2440,太空梭高傳真資訊科技(股)公司,太空梭,28,電子零組件業,電子零組件業,28
2441,超豐電子股份有限公司,超豐,24,半導體業,半導體業,24
2442,新美齊股份有限公司,新美齊,25,電腦及週邊設備業,電腦及週邊設備業,25
2443,億麗科技股份有限公司,億麗,20,其他,其他,20
2444,兆勁科技股份有限公司,兆勁,27,通信網路業,通信網路業,27
2449,京元電子股份有限公司,京元電子,24,半導體業,半導體業,24
2450,神腦國際企業股份有限公司,神腦,27,通信網路業,通信網路業,27
2451,創見資訊股份有限公司,創見,24,半導體業,半導體業,24
2453,凌群電腦股份有限公司,凌群,30,資訊服務業,資訊服務業,30
2454,聯發科技股份有限公司,聯發科,24,半導體業,半導體業,24
2455,全新光電科技股份有限公司,全新,27,通信網路業,通信網路業,27
2456,奇力新電子股份有限公司,奇力新,28,電子零組件業,電子零組件業,28
2457,飛宏科技股份有限公司,飛宏,28,電子零組件業,電子零組件業,28
2458,義隆電子股份有限公司,義隆,24,半導體業,半導體業,24
2459,敦吉科技股份有限公司,敦吉,31,其他電子業,其他電子業,31
2460,建通精密工業股份有限公司,建通,28,電子零組件業,電子零組件業,28
2461,光群雷射科技股份有限公司,光群雷,31,其他電子業,其他電子業,31
2462,台灣良得電子股份有限公司,良得電,28,電子零組件業,電子零組件業,28
2464,盟立自動化股份有限公司,盟立,31,其他電子業,其他電子業,31
2465,麗臺科技股份有限公司,麗臺,25,電腦及週邊設備業,電腦及週邊設備業,25
2466,冠西電子企業股份有限公司,冠西電,26,光電業,光電業,26
2467,志聖工業股份有限公司,志聖,28,電子零組件業,電子零組件業,28
2468,華經資訊企業股份有限公司,華經,30,資訊服務業,資訊服務業,30
2471,資通電腦股份有限公司,資通,30,資訊服務業,資訊服務業,30
2472,立隆電子工業股份有限公司,立隆電,28,電子零組件業,電子零組件業,28
2474,可成科技股份有限公司,可成,31,其他電子業,其他電子業,31
2476,鉅祥企業股份有限公司,鉅祥,28,電子零組件業,電子零組件業,28
2477,美隆工業股份有限公司,美隆電,31,其他電子業,其他電子業,31
2478,大毅科技股份有限公司,大毅,28,電子零組件業,電子零組件業,28
2480,敦陽科技股份有限公司,敦陽科,30,資訊服務業,資訊服務業,30
2481,強茂股份有限公司,強茂,24,半導體業,半導體業,24
2482,連宇股份有限公司,連宇,31,其他電子業,其他電子業,31
2483,百容電子股份有限公司,百容,28,電子零組件業,電子零組件業,28
2484,希華晶體科技股份有限公司,希華,28,電子零組件業,電子零組件業,28
2485,兆赫電子股份有限公司,兆赫,27,通信網路業,通信網路業,27
2486,一詮精密工業股份有限公司,一詮,26,光電業,光電業,26
2488,漢平電子工業股份有限公司,漢平,31,其他電子業,其他電子業,31
2489,瑞軒科技股份有限公司,瑞軒,26,光電業,光電業,26
2491,吉祥全球實業股份有限公司,吉祥全,26,光電業,光電業,26
2492,華新科技股份有限公司,華新科,28,電子零組件業,電子零組件業,28
2493,揚博科技股份有限公司,揚博,28,電子零組件業,電子零組件業,28
2495,普安科技股份有限公司,普安,31,其他電子業,其他電子業,31
2496,卓越成功股份有限公司,卓越,20,其他,其他,20
2497,怡利電子工業股份有限公司,怡利電,12,汽車工業,--,12
2498,宏達國際電子股份有限公司,宏達電,27,通信網路業,通信網路業,27
2501,國泰建設股份有限公司,國建,14,建材營造,建材營造,14
2504,國產建材實業股份有限公司,國產,14,建材營造,建材營造,14
2505,國揚實業股份有限公司,國揚,14,建材營造,建材營造,14
2506,太平洋建設股份有限公司,太設,14,建材營造,建材營造,14
2509,全坤建設開發股份有限公司,全坤建,14,建材營造,建材營造,14
2511,太子建設開發股份有限公司,太子,14,建材營造,建材營造,14
2514,龍邦國際興業股份有限公司,龍邦,20,其他,其他,20
2515,中華工程股份有限公司,中工,14,建材營造,建材營造,14
2516,新亞建設開發股份有限公司,新建,14,建材營造,建材營造,14
2520,冠德建設股份有限公司,冠德,14,建材營造,建材營造,14
2524,京城建設股份有限公司,京城,14,建材營造,建材營造,14
2527,宏璟建設股份有限公司,宏璟,14,建材營造,建材營造,14
2528,皇普建設股份有限公司,皇普,14,建材營造,建材營造,14
2530,大華建設股份有限公司,華建,14,建材營造,建材營造,14
2534,宏盛建設股份有限公司,宏盛,14,建材營造,建材營造,14
2535,達欣工程股份有限公司,達欣工,14,建材營造,建材營造,14
2536,宏普建設股份有限公司,宏普,14,建材營造,建材營造,14
2537,聯上開發股份有限公司,聯上發,14,建材營造,建材營造,14
2538,基泰建設股份有限公司,基泰,14,建材營造,建材營造,14
2539,櫻花建設股份有限公司,櫻花建,14,建材營造,建材營造,14
2540,愛山林建設開發股份有限公司,愛山林,14,建材營造,建材營造,14
2542,興富發建設股份有限公司,興富發,14,建材營造,建材營造,14
2543,皇昌營造股份有限公司,皇昌,14,建材營造,建材營造,14
2545,皇翔建設股份有限公司,皇翔,14,建材營造,建材營造,14
2546,根基營造股份有限公司,根基,14,建材營造,建材營造,14
2547,日勝生活科技股份有限公司,日勝生,14,建材營造,建材營造,14
2548,華固建設股份有限公司,華固,14,建材營造,建材營造,14
2597,潤弘精密工程事業股份有限公司,潤弘,14,建材營造,建材營造,14
2601,益航股份有限公司,益航,18,貿易百貨,貿易百貨,18
2603,長榮海運股份有限公司,長榮,15,航運業,航運業,15
2605,新興航運股份有限公司,新興,15,航運業,航運業,15
2606,裕民航運股份有限公司,裕民,15,航運業,航運業,15
2607,長榮國際儲運股份有限公司,榮運,15,航運業,航運業,15
2608,嘉里大榮物流股份有限公司,嘉里大榮,15,航運業,航運業,15
2609,陽明海運股份有限公司,陽明,15,航運業,航運業,15
2610,中華航空股份有限公司,華航,15,航運業,航運業,15
2611,志信國際股份有限公司,志信,15,航運業,航運業,15
2612,中國航運股份有限公司,中航,15,航運業,航運業,15
2613,中國貨櫃運輸股份有限公司,中櫃,15,航運業,航運業,15
2614,東森國際股份有限公司,東森,20,其他,其他,20
2615,萬海航運股份有限公司,萬海,15,航運業,航運業,15
2616,山隆通運股份有限公司,山隆,23,油電燃氣業,油電燃氣業,23
2617,台灣航業股份有限公司,台航,15,航運業,航運業,15
2618,長榮航空股份有限公司,長榮航,15,航運業,航運業,15
2630,亞洲航空股份有限公司,亞航,15,航運業,航運業,15
2633,台灣高速鐵路股份有限公司,台灣高鐵,15,航運業,航運業,15
2634,漢翔航空工業股份有限公司,漢翔,15,航運業,航運業,15
2636,台驊國際投資控股股份有限公司,台驊投控,15,航運業,航運業,15
2637,慧洋海運股份有限公司,慧洋-KY,15,航運業,航運業,15
2642,台灣宅配通股份有限公司,宅配通,15,航運業,航運業,15
2701,萬華企業股份有限公司,萬企,16,觀光事業,觀光事業,16
2702,華園飯店股份有限公司,華園,16,觀光事業,觀光事業,16
2704,國賓大飯店股份有限公司,國賓,16,觀光事業,觀光事業,16
2705,六福開發股份有限公司,六福,16,觀光事業,觀光事業,16
2706,第一華僑大飯店股份有限公司,第一店,16,觀光事業,觀光事業,16
2707,晶華國際酒店股份有限公司,晶華,16,觀光事業,觀光事業,16
2712,遠雄悅來大飯店股份有限公司,遠雄來,16,觀光事業,觀光事業,16
2722,夏都國際開發股份有限公司,夏都,16,觀光事業,觀光事業,16
2723,開曼美食達人股份有限公司,美食-KY,16,觀光事業,觀光事業,16
2727,王品餐飲股份有限公司,王品,16,觀光事業,觀光事業,16
2731,雄獅旅行社股份有限公司,雄獅,16,觀光事業,觀光事業,16
2739,寒舍餐旅管理顧問股份有限公司,寒舍,16,觀光事業,觀光事業,16
2748,雲品國際酒店股份有限公司,雲品,16,觀光事業,觀光事業,16
2801,彰化商業銀行股份有限公司,彰銀,17,金融保險,金融業,17
2809,京城商業銀行股份有限公司,京城銀,17,金融保險,金融業,17
2812,台中商業銀行股份有限公司,台中銀,17,金融保險,金融業,17
2816,旺旺友聯產物保險股份有限公司,旺旺保,17,金融保險,金融業,17
2820,中華票券金融股份有限公司,華票,17,金融保險,金融業,17
2823,中國人壽保險股份有限公司,中壽,17,金融保險,金融業,17
2832,台灣產物保險股份有限公司,台產,17,金融保險,金融業,17
2834,臺灣中小企業銀行股份有限公司,臺企銀,17,金融保險,金融業,17
2836,高雄銀行股份有限公司,高雄銀,17,金融保險,金融業,17
2838,聯邦商業銀行股份有限公司,聯邦銀,17,金融保險,金融業,17
2841,台灣土地開發股份有限公司,台開,14,建材營造,建材營造,14
2845,遠東國際商業銀行股份有限公司,遠東銀,17,金融保險,金融業,17
2849,安泰商業銀行股份有限公司,安泰銀,17,金融保險,金融業,17
2850,新光產物保險股份有限公司,新產,17,金融保險,金融業,17
2851,中央再保險股份有限公司,中再保,17,金融保險,金融業,17
2852,第一產物保險股份有限公司,第一保,17,金融保險,金融業,17
2855,統一綜合證券股份有限公司,統一證,17,金融保險,金融業,17
2867,三商美邦人壽保險股份有限公司,三商壽,17,金融保險,金融業,17
2880,華南金融控股股份有限公司,華南金,17,金融保險,金融業,17
2881,富邦金融控股股份有限公司,富邦金,17,金融保險,金融業,17
2882,國泰金融控股股份有限公司,國泰金,17,金融保險,金融業,17
2883,中華開發金融控股股份有限公司,開發金,17,金融保險,金融業,17
2884,玉山金融控股股份有限公司,玉山金,17,金融保險,金融業,17
2885,元大金融控股股份有限公司,元大金,17,金融保險,金融業,17
2886,兆豐金融控股股份有限公司,兆豐金,17,金融保險,金融業,17
2887,台新金融控股股份有限公司,台新金,17,金融保險,金融業,17
2888,新光金融控股股份有限公司,新光金,17,金融保險,金融業,17
2889,國票金融控股股份有限公司,國票金,17,金融保險,金融業,17
2890,永豐金融控股股份有限公司,永豐金,17,金融保險,金融業,17
2891,中國信託金融控股股份有限公司,中信金,17,金融保險,金融業,17
2892,第一金融控股股份有限公司,第一金,17,金融保險,金融業,17
2897,王道商業銀行股份有限公司,王道銀行,17,金融保險,金融業,17
2901,欣欣大眾市場股份有限公司,欣欣,18,貿易百貨,貿易百貨,18
2903,遠東百貨股份有限公司,遠百,18,貿易百貨,貿易百貨,18
2904,匯僑股份有限公司,匯僑,20,其他,其他,20
2905,三商投資控股股份有限公司,三商,18,貿易百貨,貿易百貨,18
2906,高林實業股份有限公司,高林,18,貿易百貨,貿易百貨,18
2908,特力股份有限公司,特力,18,貿易百貨,貿易百貨,18
2910,統領百貨股份有限公司,統領,18,貿易百貨,貿易百貨,18
2911,麗嬰房股份有限公司,麗嬰房,18,貿易百貨,貿易百貨,18
2912,統一超商股份有限公司,統一超,18,貿易百貨,貿易百貨,18
2913,台灣農林股份有限公司,農林,18,貿易百貨,貿易百貨,18
2915,潤泰全球股份有限公司,潤泰全,18,貿易百貨,貿易百貨,18
2923,鼎固控股有限公司,鼎固-KY,14,建材營造,建材營造,14
2929,淘帝國際控股有限公司,淘帝-KY,18,貿易百貨,貿易百貨,18
2936,客思達股份有限公司,客思達-KY,18,貿易百貨,貿易百貨,18
2939,凱羿國際集團股份有限公司,凱羿-KY,18,貿易百貨,貿易百貨,18
3002,歐格電子工業股份有限公司,歐格,25,電腦及週邊設備業,電腦及週邊設備業,25
3003,健和興端子股份有限公司,健和興,28,電子零組件業,電子零組件業,28
3004,豐達科技股份有限公司(原宏達),豐達科,10,鋼鐵工業,鋼鐵工業,10
3005,神基科技股份有限公司,神基,25,電腦及週邊設備業,電腦及週邊設備業,25
3006,晶豪科技股份有限公司,晶豪科,24,半導體業,半導體業,24
3008,大立光電股份有限公司,大立光,26,光電業,光電業,26
3010,華立企業股份有限公司,華立,29,電子通路業,電子通路業,29
3011,今皓實業股份有限公司,今皓,28,電子零組件業,電子零組件業,28
3013,晟銘電子科技股份有限公司,晟銘電,25,電腦及週邊設備業,電腦及週邊設備業,25
3014,聯陽半導體股份有限公司,聯陽,24,半導體業,半導體業,24
3015,全漢企業股份有限公司,全漢,28,電子零組件業,電子零組件業,28
3016,嘉晶電子股份有限公司,嘉晶,24,半導體業,半導體業,24
3017,奇鋐科技股份有限公司,奇鋐,25,電腦及週邊設備業,電腦及週邊設備業,25
3018,同開科技工程股份有限公司,同開,31,其他電子業,其他電子業,31
3019,亞洲光學股份有限公司,亞光,26,光電業,光電業,26
3021,鴻名企業股份有限公司,鴻名,28,電子零組件業,電子零組件業,28
3022,威強電工業電腦股份有限公司,威強電,25,電腦及週邊設備業,電腦及週邊設備業,25
3023,信邦電子股份有限公司,信邦,28,電子零組件業,電子零組件業,28
3024,憶聲電子股份有限公司,憶聲,26,光電業,光電業,26
3025,星通資訊股份有限公司,星通,27,通信網路業,通信網路業,27
3026,禾伸堂企業股份有限公司,禾伸堂,28,電子零組件業,電子零組件業,28
3027,盛達電業股份有限公司,盛達,27,通信網路業,通信網路業,27
3028,增你強股份有限公司,增你強,29,電子通路業,電子通路業,29
3029,零壹科技股份有限公司,零壹,30,資訊服務業,資訊服務業,30
3030,德律科技股份有限公司,德律,31,其他電子業,其他電子業,31
3031,佰鴻工業股份有限公司,佰鴻,26,光電業,光電業,26
3032,偉訓科技股份有限公司,偉訓,28,電子零組件業,電子零組件業,28
3033,威健實業股份有限公司,威健,29,電子通路業,電子通路業,29
3034,聯詠科技股份有限公司,聯詠,24,半導體業,半導體業,24
3035,智原科技股份有限公司,智原,24,半導體業,半導體業,24
3036,文曄科技股份有限公司,文曄,29,電子通路業,電子通路業,29
3037,欣興電子股份有限公司,欣興,28,電子零組件業,電子零組件業,28
3038,全台晶像股份有限公司,全台,26,光電業,光電業,26
3040,遠見科技股份有限公司,遠見,20,其他,其他,20
3041,揚智科技股份有限公司,揚智,24,半導體業,半導體業,24
3042,台灣晶技股份有限公司,晶技,28,電子零組件業,電子零組件業,28
3043,科風股份有限公司,科風,31,其他電子業,其他電子業,31
3044,健鼎科技股份有限公司,健鼎,28,電子零組件業,電子零組件業,28
3045,台灣大哥大股份有限公司,台灣大,27,通信網路業,通信網路業,27
3046,建碁股份有限公司,建碁,25,電腦及週邊設備業,電腦及週邊設備業,25
3047,訊舟科技股份有限公司,訊舟,27,通信網路業,通信網路業,27
3048,益登科技股份有限公司,益登,29,電子通路業,電子通路業,29
3049,和鑫光電股份有限公司,和鑫,26,光電業,光電業,26
3050,鈺德科技股份有限公司,鈺德,26,光電業,光電業,26
3051,力特光電科技股份有限公司,力特,26,光電業,光電業,26
3052,夆典科技開發股份有限公司,夆典,14,建材營造,建材營造,14
3054,立萬利創新股份有限公司,立萬利,24,半導體業,半導體業,24
3055,蔚華科技股份有限公司,蔚華科,29,電子通路業,電子通路業,29
3056,總太地產開發股份有限公司,總太,14,建材營造,建材營造,14
3057,喬鼎資訊股份有限公司,喬鼎,25,電腦及週邊設備業,電腦及週邊設備業,25
3058,立德電子股份有限公司,立德,28,電子零組件業,電子零組件業,28
3059,華晶科技股份有限公司,華晶科,26,光電業,光電業,26
3060,銘異科技股份有限公司,銘異,25,電腦及週邊設備業,電腦及週邊設備業,25
3062,建漢科技股份有限公司,建漢,27,通信網路業,通信網路業,27
3090,日電貿股份有限公司,日電貿,28,電子零組件業,電子零組件業,28
3092,鴻碩精密電工股份有限公司,鴻碩,28,電子零組件業,電子零組件業,28
3094,聯傑國際股份有限公司,聯傑,24,半導體業,半導體業,24
3130,一零四資訊科技股份有限公司,一零四,30,資訊服務業,資訊服務業,30
3138,耀登科技股份有限公司,耀登,27,通信網路業,通信網路業,27
3149,正達國際光電股份有限公司,正達,26,光電業,光電業,26
3164,景岳生物科技股份有限公司,景岳,22,生技醫療業,生技醫療業,22
3167,大量科技股份有限公司,大量,05,電機機械,電機機械,05
3189,景碩科技股份有限公司,景碩,24,半導體業,半導體業,24
3209,全科科技股份有限公司,全科,29,電子通路業,電子通路業,29
3229,晟鈦股份有限公司,晟鈦,28,電子零組件業,電子零組件業,28
3231,緯創資通股份有限公司,緯創,25,電腦及週邊設備業,電腦及週邊設備業,25
3257,虹冠電子工業股份有限公司,虹冠電,24,半導體業,半導體業,24
3266,昇陽建設企業股份有限公司,昇陽,14,建材營造,建材營造,14
3296,勝德國際研發股份有限公司,勝德,28,電子零組件業,電子零組件業,28
3305,昇貿科技股份有限公司,昇貿,31,其他電子業,其他電子業,31
3308,聯德電子股份有限公司,聯德,28,電子零組件業,電子零組件業,28
3311,閎暉實業股份有限公司,閎暉,27,通信網路業,通信網路業,27
3312,弘憶國際股份有限公司,弘憶股,29,電子通路業,電子通路業,29
3321,同泰電子科技股份有限公司,同泰,28,電子零組件業,電子零組件業,28
3338,泰碩電子股份有限公司,泰碩,28,電子零組件業,電子零組件業,28
3346,麗清科技股份有限公司,麗清,12,汽車工業,--,12
3356,奇偶科技股份有限公司,奇偶,26,光電業,光電業,26
3376,新日興股份有限公司,新日興,28,電子零組件業,電子零組件業,28
3380,明泰科技股份有限公司,明泰,27,通信網路業,通信網路業,27
3383,新世紀光電股份有限公司,新世紀,26,光電業,光電業,26
3406,玉晶光電股份有限公司,玉晶光,26,光電業,光電業,26
3413,京鼎精密科技股份有限公司,京鼎,24,半導體業,半導體業,24
3416,融程電訊股份有限公司,融程電,25,電腦及週邊設備業,電腦及週邊設備業,25
3419,譁裕實業股份有限公司,譁裕,27,通信網路業,通信網路業,27
3432,台端興業股份有限公司,台端,28,電子零組件業,電子零組件業,28
3437,榮創能源科技股份有限公司,榮創,26,光電業,光電業,26
3443,創意電子股份有限公司,創意,24,半導體業,半導體業,24
3450,聯鈞光電股份有限公司,聯鈞,24,半導體業,半導體業,24
3454,晶睿通訊股份有限公司,晶睿,26,光電業,光電業,26
3481,群創光電股份有限公司,群創,26,光電業,光電業,26
3494,誠研科技股份有限公司,誠研,25,電腦及週邊設備業,電腦及週邊設備業,25
3501,維熹科技股份有限公司,維熹,28,電子零組件業,電子零組件業,28
3504,揚明光學股份有限公司,揚明光,26,光電業,光電業,26
3515,華擎科技股份有限公司,華擎,25,電腦及週邊設備業,電腦及週邊設備業,25
3518,柏騰科技股份有限公司,柏騰,31,其他電子業,其他電子業,31
3528,安馳科技股份有限公司,安馳,29,電子通路業,電子通路業,29
3530,晶相光電股份有限公司,晶相光,24,半導體業,半導體業,24
3532,台塑勝高科技股份有限公司,台勝科,24,半導體業,半導體業,24
3533,嘉澤端子工業股份有限公司,嘉澤,28,電子零組件業,電子零組件業,28
3535,晶彩科技股份有限公司,晶彩科,26,光電業,光電業,26
3536,誠創科技股份有限公司,誠創,24,半導體業,半導體業,24
3543,州巧科技股份有限公司,州巧,26,光電業,光電業,26
3545,敦泰電子股份有限公司,敦泰,24,半導體業,半導體業,24
3550,聯穎科技股份有限公司,聯穎,28,電子零組件業,電子零組件業,28
3557,嘉威生活股份有限公司,嘉威,20,其他,其他,20
3563,牧德科技股份有限公司,牧德,26,光電業,光電業,26
3576,聯合再生能源股份有限公司,聯合再生,26,光電業,光電業,26
3583,辛耘企業股份有限公司,辛耘,24,半導體業,半導體業,24
3588,通嘉科技股份有限公司,通嘉,24,半導體業,半導體業,24
3591,艾笛森光電股份有限公司,艾笛森,26,光電業,光電業,26
3593,力銘科技股份有限公司,力銘,28,電子零組件業,電子零組件業,28
3596,智易科技股份有限公司,智易,27,通信網路業,通信網路業,27
3605,宏致電子股份有限公司,宏致,28,電子零組件業,電子零組件業,28
3607,谷崧精密工業股份有限公司,谷崧,28,電子零組件業,電子零組件業,28
3617,碩天科技股份有限公司,碩天,31,其他電子業,其他電子業,31
3622,洋華光電股份有限公司,洋華,26,光電業,光電業,26
3645,達邁科技股份有限公司,達邁,28,電子零組件業,電子零組件業,28
3653,健策精密工業股份有限公司,健策,28,電子零組件業,電子零組件業,28
3661,世芯電子股份有限公司,世芯-KY,24,半導體業,半導體業,24
3665,貿聯控股(BizLink Holding Inc.),貿聯-KY,31,其他電子業,其他電子業,31
3669,圓展科技股份有限公司,圓展,27,通信網路業,通信網路業,27
3673,"TPK Holding Co., Ltd.",TPK-KY,26,光電業,光電業,26
3679,新至陞科技股份有限公司,新至陞,28,電子零組件業,電子零組件業,28
3682,亞太電信股份有限公司,亞太電,27,通信網路業,通信網路業,27
3686,達能科技股份有限公司,達能,24,半導體業,半導體業,24
3694,海華科技股份有限公司,海華,27,通信網路業,通信網路業,27
3701,大眾全球投資控股股份有限公司,大眾控,25,電腦及週邊設備業,電腦及週邊設備業,25
3702,大聯大投資控股股份有限公司,大聯大,29,電子通路業,電子通路業,29
3703,欣陸投資控股股份有限公司,欣陸,14,建材營造,建材營造,14
3704,合勤投資控股股份有限公司,合勤控,27,通信網路業,通信網路業,27
3705,永信國際投資控股股份有限公司,永信,22,生技醫療業,生技醫療業,22
3706,神達投資控股股份有限公司,神達,25,電腦及週邊設備業,電腦及週邊設備業,25
3708,上緯國際投資控股股份有限公司,上緯投控,21,化學工業,化學工業,21
3711,日月光投資控股股份有限公司,日月光投控,24,半導體業,半導體業,24
3712,永崴投資控股股份有限公司,永崴投控,25,電腦及週邊設備業,電腦及週邊設備業,25
3714,富采投資控股股份有限公司,富采,26,光電業,光電業,26
4104,佳醫健康事業股份有限公司,佳醫,22,生技醫療業,生技醫療業,22
4106,雃博股份有限公司,雃博,22,生技醫療業,生技醫療業,22
4108,懷特生技新藥股份有限公司,懷特,22,生技醫療業,生技醫療業,22
4119,旭富製藥科技股份有限公司,旭富,22,生技醫療業,生技醫療業,22
4133,亞諾法生技股份有限公司,亞諾法,22,生技醫療業,生技醫療業,22
4137,麗豐股份有限公司,麗豐-KY,22,生技醫療業,生技醫療業,22
4141,龍燈環球農業科技有限公司,龍燈-KY,22,生技醫療業,生技醫療業,22
4142,國光生物科技股份有限公司,國光生,22,生技醫療業,生技醫療業,22
4148,全宇生技控股有限公司,全宇生技-KY,22,生技醫療業,生技醫療業,22
4155,訊映光電股份有限公司,訊映,22,生技醫療業,生技醫療業,22
4164,承業生醫投資控股股份有限公司,承業醫,22,生技醫療業,生技醫療業,22
4190,佐登妮絲集團股份有限公司,佐登-KY,22,生技醫療業,生技醫療業,22
4306,炎洲股份有限公司,炎洲,03,塑膠工業,塑膠工業,03
4414,如興股份有限公司,如興,04,紡織纖維,紡織纖維,04
4426,利勤實業股份有限公司,利勤,04,紡織纖維,紡織纖維,04
4438,廣越企業股份有限公司,廣越,04,紡織纖維,紡織纖維,04
4439,冠星集團控股有限公司,冠星-KY,04,紡織纖維,紡織纖維,04
4526,東台精機股份有限公司,東台,05,電機機械,電機機械,05
4532,瑞智精密股份有限公司,瑞智,05,電機機械,電機機械,05
4536,拓凱實業股份有限公司,拓凱,20,其他,其他,20
4540,全球傳動科技股份有限公司,全球傳動,05,電機機械,電機機械,05
4545,銘鈺精密工業股份有限公司,銘鈺,28,電子零組件業,電子零組件業,28
4551,智伸科技股份有限公司,智伸科,12,汽車工業,--,12
4552,力達控股有限公司,力達-KY,05,電機機械,電機機械,05
4555,台灣氣立股份有限公司,氣立,05,電機機械,電機機械,05
4557,永新控股股份有限公司,永新-KY,12,汽車工業,--,12
4560,強信機械科技股份有限公司,強信-KY,05,電機機械,電機機械,05
4562,穎漢科技股份有限公司,穎漢,05,電機機械,電機機械,05
4564,元翎精密工業股份有限公司,元翎,05,電機機械,電機機械,05
4566,時碩工業股份有限公司,時碩工業,05,電機機械,電機機械,05
4571,鈞興機電國際股份有限公司,鈞興-KY,05,電機機械,電機機械,05
4572,駐龍精密機械股份有限公司,駐龍,05,電機機械,電機機械,05
4576,大銀微系統股份有限公司,大銀微系統,05,電機機械,電機機械,05
4581,World Known MFG(Cayman)Limited,光隆精密-KY,12,汽車工業,--,12
4720,德淵企業股份有限公司,德淵,21,化學工業,化學工業,21
4722,國精化學股份有限公司,國精化,21,化學工業,化學工業,21
4737,華廣生技股份有限公司,華廣,22,生技醫療業,生技醫療業,22
4739,康普材料科技股份有限公司,康普,21,化學工業,化學工業,21
4746,台耀化學股份有限公司,台耀,22,生技醫療業,生技醫療業,22
4755,三福化工股份有限公司,三福化,21,化學工業,化學工業,21
4763,濟南大自然新材料股份有限公司,材料-KY,21,化學工業,化學工業,21
4764,雙鍵化工股份有限公司,雙鍵,21,化學工業,化學工業,21
4766,南寶樹脂化學工廠股份有限公司,南寶,21,化學工業,化學工業,21
4807,日成控股股份有限公司,日成-KY,18,貿易百貨,貿易百貨,18
4904,遠傳電信股份有限公司,遠傳,27,通信網路業,通信網路業,27
4906,正文科技股份有限公司,正文,27,通信網路業,通信網路業,27
4912,聯德控股股份有限公司,聯德控股-KY,28,電子零組件業,電子零組件業,28
4915,致伸科技股份有限公司,致伸,28,電子零組件業,電子零組件業,28
4916,事欣科技股份有限公司,事欣科,25,電腦及週邊設備業,電腦及週邊設備業,25
4919,新唐科技股份有限公司,新唐,24,半導體業,半導體業,24
4927,泰鼎國際股份有限公司,泰鼎-KY,28,電子零組件業,電子零組件業,28
4930,燦星網通股份有限公司,燦星網,06,電器電纜,電器電纜,06
4934,太極能源科技股份有限公司,太極,26,光電業,光電業,26
4935,茂林光電科技(開曼)股份有限公司,茂林-KY,26,光電業,光電業,26
4938,和碩聯合科技股份有限公司,和碩,25,電腦及週邊設備業,電腦及週邊設備業,25
4942,嘉彰股份有限公司,嘉彰,26,光電業,光電業,26
4943,開曼康而富控股股份有限公司,康控-KY,28,電子零組件業,電子零組件業,28
4952,凌通科技股份有限公司,凌通,24,半導體業,半導體業,24
4956,光鋐科技股份有限公司,光鋐,26,光電業,光電業,26
4958,臻鼎科技控股股份有限公司,臻鼎-KY,28,電子零組件業,電子零組件業,28
4960,誠美材料科技股份有限公司,誠美材,26,光電業,光電業,26
4961,天鈺科技股份有限公司,天鈺,24,半導體業,半導體業,24
4967,十銓科技股份有限公司,十銓,24,半導體業,半導體業,24
4968,立積電子股份有限公司,立積,24,半導體業,半導體業,24
4976,佳凌科技股份有限公司,佳凌,26,光電業,光電業,26
4977,眾達科技股份有限公司,眾達-KY,27,通信網路業,通信網路業,27
4989,李長榮科技股份有限公司,榮科,28,電子零組件業,電子零組件業,28
4994,傳奇網路遊戲股份有限公司,傳奇,30,資訊服務業,資訊服務業,30
4999,鑫禾科技股份有限公司,鑫禾,28,電子零組件業,電子零組件業,28
5007,三星科技股份有限公司,三星,10,鋼鐵工業,鋼鐵工業,10
5203,訊連科技股份有限公司,訊連,30,資訊服務業,資訊服務業,30
5215,科嘉(開曼)股份有限公司,科嘉-KY,25,電腦及週邊設備業,電腦及週邊設備業,25
5225,東科控股股份有限公司,東科-KY,31,其他電子業,其他電子業,31
5234,達興材料股份有限公司,達興材料,26,光電業,光電業,26
5243,乙盛精密工業股份有限公司,乙盛-KY,26,光電業,光電業,26
5258,虹堡科技股份有限公司,虹堡,25,電腦及週邊設備業,電腦及週邊設備業,25
5269,祥碩科技股份有限公司,祥碩,24,半導體業,半導體業,24
5283,禾聯碩股份有限公司,禾聯碩,06,電器電纜,電器電纜,06
5284,經寶精密控股股份有限公司,jpp-KY,20,其他,其他,20
5285,界霖科技股份有限公司,界霖,24,半導體業,半導體業,24
5288,開曼商豐祥控股股份有限公司,豐祥-KY,05,電機機械,電機機械,05
5388,中磊電子股份有限公司,中磊,27,通信網路業,通信網路業,27
5434,崇越科技股份有限公司,崇越,29,電子通路業,電子通路業,29
5469,瀚宇博德股份有限公司,瀚宇博,28,電子零組件業,電子零組件業,28
5471,松翰科技股份有限公司,松翰,24,半導體業,半導體業,24
5484,慧友電子股份有限公司,慧友,26,光電業,光電業,26
5515,建國工程股份有限公司,建國,14,建材營造,建材營造,14
5519,隆大營建事業股份有限公司,隆大,14,建材營造,建材營造,14
5521,工信工程股份有限公司,工信,14,建材營造,建材營造,14
5522,遠雄建設事業股份有限公司,遠雄,14,建材營造,建材營造,14
5525,順天建設股份有限公司,順天,14,建材營造,建材營造,14
5531,鄉林建設事業股份有限公司,鄉林,14,建材營造,建材營造,14
5533,皇鼎建設開發股份有限公司,皇鼎,14,建材營造,建材營造,14
5534,長虹建設股份有限公司,長虹,14,建材營造,建材營造,14
5538,開曼東明控股股份有限公司,東明-KY,10,鋼鐵工業,鋼鐵工業,10
5546,永固集團股份有限公司,永固-KY,14,建材營造,建材營造,14
5607,遠雄自貿港投資控股股份有限公司,遠雄港,15,航運業,航運業,15
5608,四維航業股份有限公司,四維航,15,航運業,航運業,15
5706,鳳凰國際旅行社股份有限公司,鳳凰,16,觀光事業,觀光事業,16
5871,中租控股股份有限公司,中租-KY,20,其他,其他,20
5876,上海商業儲蓄銀行股份有限公司,上海商銀,17,金融保險,金融業,17
5880,合作金庫金融控股股份有限公司,合庫金,17,金融保險,金融業,17
5906,台南生活(開曼)股份有限公司,台南-KY,18,貿易百貨,貿易百貨,18
5907,Grand Ocean RetailGroupLimited,大洋-KY,18,貿易百貨,貿易百貨,18
6005,群益金鼎證券股份有限公司,群益證,17,金融保險,金融業,17
6024,群益期貨股份有限公司,群益期,17,金融保險,金融業,17
6108,競國實業股份有限公司,競國,28,電子零組件業,電子零組件業,28
6112,聚碩科技股份有限公司,聚碩,30,資訊服務業,資訊服務業,30
6115,鎰勝工業股份有限公司,鎰勝,28,電子零組件業,電子零組件業,28
6116,瀚宇彩晶股份有限公司,彩晶,26,光電業,光電業,26
6117,迎廣科技股份有限公司,迎廣,25,電腦及週邊設備業,電腦及週邊設備業,25
6120,達運精密工業股份有限公司,達運,26,光電業,光電業,26
6128,上福全球科技股份有限公司,上福,25,電腦及週邊設備業,電腦及週邊設備業,25
6131,鈞泰國際股份有限公司,鈞泰,26,光電業,光電業,26
6133,金橋科技股份有限公司,金橋,28,電子零組件業,電子零組件業,28
6136,富爾特科技股份有限公司,富爾特,27,通信網路業,通信網路業,27
6139,亞翔工程股份有限公司,亞翔,31,其他電子業,其他電子業,31
6141,柏承科技股份有限公司,柏承,28,電子零組件業,電子零組件業,28
6142,友勁科技股份有限公司,友勁,27,通信網路業,通信網路業,27
6152,百一電子股份有限公司,百一,27,通信網路業,通信網路業,27
6153,嘉聯益科技股份有限公司,嘉聯益,28,電子零組件業,電子零組件業,28
6155,鈞寶電子工業股份有限公司,鈞寶,28,電子零組件業,電子零組件業,28
6164,華興電子工業股份有限公司,華興,26,光電業,光電業,26
6165,浪凡網路科技股份有限公司,浪凡,20,其他,其他,20
6166,凌華科技股份有限公司,凌華,25,電腦及週邊設備業,電腦及週邊設備業,25
6168,宏齊科技股份有限公司,宏齊,26,光電業,光電業,26
6172,互億科技股份有限公司,互億,25,電腦及週邊設備業,電腦及週邊設備業,25
6176,瑞儀光電股份有限公司,瑞儀,26,光電業,光電業,26
6177,達麗建設事業股份有限公司,達麗,14,建材營造,建材營造,14
6183,關貿網路股份有限公司,關貿,30,資訊服務業,資訊服務業,30
6184,大豐有線電視股份有限公司,大豐電,20,其他,其他,20
6189,豐藝電子股份有限公司,豐藝,29,電子通路業,電子通路業,29
6191,精成科技股份有限公司,精成科,28,電子零組件業,電子零組件業,28
6192,巨路國際股份有限公司,巨路,31,其他電子業,其他電子業,31
6196,帆宣系統科技股份有限公司,帆宣,31,其他電子業,其他電子業,31
6197,佳必琪國際股份有限公司,佳必琪,28,電子零組件業,電子零組件業,28
6201,亞弘電科技股份有限公司,亞弘電,31,其他電子業,其他電子業,31
6202,盛群半導體股份有限公司,盛群,24,半導體業,半導體業,24
6205,詮欣股份有限公司,詮欣,28,電子零組件業,電子零組件業,28
6206,飛捷科技股份有限公司,飛捷,25,電腦及週邊設備業,電腦及週邊設備業,25
6209,今國光學工業股份有限公司,今國光,26,光電業,光電業,26
6213,聯茂電子股份有限公司,聯茂,28,電子零組件業,電子零組件業,28
6214,精誠資訊股份有限公司,精誠,30,資訊服務業,資訊服務業,30
6215,和椿科技股份有限公司,和椿,31,其他電子業,其他電子業,31
6216,居易科技股份有限公司,居易,27,通信網路業,通信網路業,27
6224,聚鼎科技股份有限公司,聚鼎,28,電子零組件業,電子零組件業,28
6225,天瀚科技股份有限公司,天瀚,26,光電業,光電業,26
6226,光鼎電子股份有限公司,光鼎,26,光電業,光電業,26
6230,尼得科超眾科技股份有限公司,尼得科超眾,25,電腦及週邊設備業,電腦及週邊設備業,25
6235,華孚科技股份有限公司,華孚,25,電腦及週邊設備業,電腦及週邊設備業,25
6239,力成科技股份有限公司,力成,24,半導體業,半導體業,24
6243,迅杰科技股份有限公司,迅杰,24,半導體業,半導體業,24
6251,定穎電子股份有限公司,定穎,28,電子零組件業,電子零組件業,28
6257,矽格股份有限公司,矽格,24,半導體業,半導體業,24
6269,台郡科技股份有限公司,台郡,28,電子零組件業,電子零組件業,28
6271,同欣電子工業股份有限公司,同欣電,24,半導體業,半導體業,24
6277,宏正自動科技股份有限公司,宏正,25,電腦及週邊設備業,電腦及週邊設備業,25
6278,台灣表面黏著科技股份有限公司,台表科,26,光電業,光電業,26
6281,全國電子股份有限公司,全國電,29,電子通路業,電子通路業,29
6282,康舒科技股份有限公司,康舒,28,電子零組件業,電子零組件業,28
6283,淳安電子股份有限公司,淳安,31,其他電子業,其他電子業,31
6285,啟碁科技股份有限公司,啟碁,27,通信網路業,通信網路業,27
6288,聯嘉光電股份有限公司,聯嘉,12,汽車工業,--,12
6289,華上光電股份有限公司,華上,26,光電業,光電業,26
6405,悅城科技股份有限公司,悅城,26,光電業,光電業,26
6409,旭隼科技股份有限公司,旭隼,31,其他電子業,其他電子業,31
6412,群光電能科技股份有限公司,群電,28,電子零組件業,電子零組件業,28
6414,樺漢科技股份有限公司,樺漢,25,電腦及週邊設備業,電腦及週邊設備業,25
6415,矽力杰股份有限公司,矽力-KY,24,半導體業,半導體業,24
6416,瑞祺電通股份有限公司,瑞祺電通,27,通信網路業,通信網路業,27
6426,統新光訊股份有限公司,統新,27,通信網路業,通信網路業,27
6431,光麗光電科技股份有限公司,光麗-KY,26,光電業,光電業,26
6438,迅得機械股份有限公司,迅得,31,其他電子業,其他電子業,31
6442,光紅建聖股份有限公司,光聖,27,通信網路業,通信網路業,27
6443,元晶太陽能科技股份有限公司,元晶,26,光電業,光電業,26
6449,鈺邦科技股份有限公司,鈺邦,28,電子零組件業,電子零組件業,28
6451,訊芯科技控股股份有限公司,訊芯-KY,24,半導體業,半導體業,24
6456,GIS Holding Limited,GIS-KY,26,光電業,光電業,26
6464,台灣數位光訊科技股份有限公司,台數科,20,其他,其他,20
6477,安集科技股份有限公司,安集,26,光電業,光電業,26
6491,晶碩光學股份有限公司,晶碩,22,生技醫療業,生技醫療業,22
6504,南六企業股份有限公司,南六,20,其他,其他,20
6505,台塑石化股份有限公司,台塑化,23,油電燃氣業,油電燃氣業,23
6515,穎崴科技股份有限公司,穎崴,24,半導體業,半導體業,24
6525,捷敏股份有限公司,捷敏-KY,24,半導體業,半導體業,24
6531,愛普科技股份有限公司,愛普,24,半導體業,半導體業,24
6533,晶心科技股份有限公司,晶心科,24,半導體業,半導體業,24
6541,泰福生技股份有限公司,泰福-KY,22,生技醫療業,生技醫療業,22
6552,易華電子股份有限公司,易華電,24,半導體業,半導體業,24
6558,興能高科技股份有限公司,興能高,31,其他電子業,其他電子業,31
6573,虹揚發展科技股份有限公司,虹揚-KY,24,半導體業,半導體業,24
6579,研揚科技股份有限公司,研揚,25,電腦及週邊設備業,電腦及週邊設備業,25
6581,台灣鋼聯股份有限公司,鋼聯,20,其他,其他,20
6582,申豐特用應材股份有限公司,申豐,11,橡膠工業,橡膠工業,11
6591,動力科技股份有限公司,動力-KY,25,電腦及週邊設備業,電腦及週邊設備業,25
6592,和潤企業股份有限公司,和潤企業,20,其他,其他,20
6598,Applied BioCode Corporation,ABC-KY,22,生技醫療業,生技醫療業,22
6605,帝寶工業股份有限公司,帝寶,12,汽車工業,--,12
6625,必應創造股份有限公司,必應,20,其他,其他,20
6641,基士德科技股份有限公司,基士德-KY,20,其他,其他,20
6655,科定企業股份有限公司,科定,20,其他,其他,20
6666,羅麗芬控股股份有限公司,羅麗芬-KY,22,生技醫療業,生技醫療業,22
6668,中揚光電股份有限公司,中揚光,26,光電業,光電業,26
6669,緯穎科技服務股份有限公司,緯穎,25,電腦及週邊設備業,電腦及週邊設備業,25
6670,復盛應用科技股份有限公司,復盛應用,20,其他,其他,20
6671,三能集團控股股份有限公司,三能-KY,20,其他,其他,20
6672,騰輝電子國際集團股份有限公司,騰輝電子-KY,28,電子零組件業,電子零組件業,28
6674,鋐寶科技股份有限公司,鋐寶科技,27,通信網路業,通信網路業,27
6698,旭暉應用材料股份有限公司,旭暉應材,31,其他電子業,其他電子業,31
6706,惠特科技股份有限公司,惠特,26,光電業,光電業,26
6715,嘉基科技股份有限公司,嘉基,28,電子零組件業,電子零組件業,28
6743,安普新股份有限公司,安普新,31,其他電子業,其他電子業,31
6754,匯僑室內裝修設計股份有限公司,匯僑設計,20,其他,其他,20
6756,威鋒電子股份有限公司,威鋒電子,24,半導體業,半導體業,24
6768,志強國際企業股份有限公司,志強-KY,20,其他,其他,20
6776,展碁國際股份有限公司,展碁國際,29,電子通路業,電子通路業,29
6781,"AES Holding Co., Ltd.",AES-KY,28,電子零組件業,電子零組件業,28
8011,台通光電股份有限公司,台通,27,通信網路業,通信網路業,27
8016,矽創電子股份有限公司,矽創,24,半導體業,半導體業,24
8021,尖點科技股份有限公司,尖點,31,其他電子業,其他電子業,31
8028,昇陽國際半導體股份有限公司,昇陽半導體,24,半導體業,半導體業,24
8033,雷虎科技股份有限公司,雷虎,20,其他,其他,20
8039,台虹科技股份有限公司,台虹,28,電子零組件業,電子零組件業,28
8046,南亞電路板股份有限公司,南電,28,電子零組件業,電子零組件業,28
8070,長華電材股份有限公司,長華*,29,電子通路業,電子通路業,29
8072,陞泰科技股份有限公司,陞泰,29,電子通路業,電子通路業,29
8081,致新科技股份有限公司,致新,24,半導體業,半導體業,24
8101,華冠通訊股份有限公司,華冠,27,通信網路業,通信網路業,27
8103,瀚荃股份有限公司,瀚荃,28,電子零組件業,電子零組件業,28
8104,錸寶科技股份有限公司,錸寶,26,光電業,光電業,26
8105,凌巨科技股份有限公司,凌巨,26,光電業,光電業,26
8110,華東科技股份有限公司,華東,24,半導體業,半導體業,24
8112,至上電子股份有限公司,至上,29,電子通路業,電子通路業,29
8114,振樺電子股份有限公司,振樺電,25,電腦及週邊設備業,電腦及週邊設備業,25
8131,福懋科技股份有限公司,福懋科,24,半導體業,半導體業,24
8150,南茂科技股份有限公司,南茂,24,半導體業,半導體業,24
8163,達方電子股份有限公司,達方,25,電腦及週邊設備業,電腦及週邊設備業,25
8201,無敵科技股份有限公司,無敵,31,其他電子業,其他電子業,31
8210,勤誠興業股份有限公司,勤誠,25,電腦及週邊設備業,電腦及週邊設備業,25
8213,志超科技股份有限公司,志超,28,電子零組件業,電子零組件業,28
8215,明基材料股份有限公司,明基材,26,光電業,光電業,26
8222,寶一科技股份有限公司,寶一,05,電機機械,電機機械,05
8249,菱光科技股份有限公司,菱光,28,電子零組件業,電子零組件業,28
8261,富鼎先進電子股份有限公司,富鼎,24,半導體業,半導體業,24
8271,宇瞻科技股份有限公司,宇瞻,24,半導體業,半導體業,24
8341,日友環保科技股份有限公司,日友,20,其他,其他,20
8367,建新國際股份有限公司,建新國際,15,航運業,航運業,15
8374,羅昇企業股份有限公司,羅昇,05,電機機械,電機機械,05
8404,百和興業股份有限公司(開曼),百和興業-KY,20,其他,其他,20
8411,福貞控股股份有限公司,福貞-KY,20,其他,其他,20
8422,可寧衛股份有限公司,可寧衛,20,其他,其他,20
8427,基勝（開曼）控股股份有限公司,基勝-KY,20,其他,其他,20
8429,金麗集團控股有限公司,金麗-KY,18,貿易百貨,貿易百貨,18
8442,威宏控股股份有限公司,威宏-KY,20,其他,其他,20
8443,阿瘦實業股份有限公司,阿瘦,18,貿易百貨,貿易百貨,18
8454,富邦媒體科技股份有限公司,富邦媒,18,貿易百貨,貿易百貨,18
8462,柏文健康事業股份有限公司,柏文,16,觀光事業,觀光事業,16
8463,潤泰精密材料股份有限公司,潤泰材,20,其他,其他,20
8464,億豐綜合工業股份有限公司,億豐,20,其他,其他,20
8466,美吉吉國際股份有限公司,美吉吉-KY,20,其他,其他,20
8467,波力環球企業股份有限公司,波力-KY,20,其他,其他,20
8473,山林水環境工程股份有限公司,山林水,20,其他,其他,20
8478,東哥企業股份有限公司,東哥遊艇,20,其他,其他,20
8480,泰昇國際(控股)有限公司,泰昇-KY,20,其他,其他,20
8481,政伸企業股份有限公司,政伸,20,其他,其他,20
8482,商億全球控股有限公司,商億-KY,20,其他,其他,20
8488,吉源控股股份有限公司,吉源-KY,20,其他,其他,20
8499,鼎炫投資控股股份有限公司,鼎炫-KY,31,其他電子業,其他電子業,31
8926,台灣汽電共生股份有限公司,台汽電,23,油電燃氣業,油電燃氣業,23
8940,新天地國際實業股份有限公司,新天地,16,觀光事業,觀光事業,16
8996,高力熱處理工業股份有限公司,高力,05,電機機械,電機機械,05
9103,美德向邦醫療國際股份有限公司,美德醫療-DR,91,,,
910322,康師傅控股有限公司,康師傅-DR,91,,,
9105,泰金寶科技股份有限公司,泰金寶-DR,91,,,
910861,神州數碼控股有限公司,神州-DR,91,,,
9110,越南製造加工出口控股有限公司,越南控-DR,91,,,
911608,明輝環球企業有限公司,明輝-DR,91,,,
911616,杜康控股有限公司,杜康-DR,91,,,
911622,聚亨企業集團(泰國)大眾有限公司,泰聚亨-DR,91,,,
911868,同方友友控股有限公司,同方友友-DR,91,,,
912000,晨訊科技集團有限公司,晨訊科-DR,91,,,
912398,友佳國際控股有限公司,友佳-DR,91,,,
9136,巨騰國際控股有限公司,巨騰-DR,91,,,
9188,精熙國際(開曼)有限公司,精熙-DR,91,,,
9802,鈺齊國際股份有限公司,鈺齊-KY,20,其他,其他,20
9902,台火開發股份有限公司,台火,20,其他,其他,20
9904,寶成工業股份有限公司,寶成,20,其他,其他,20
9905,大華金屬工業股份有限公司,大華,20,其他,其他,20
9906,欣巴巴事業股份有限公司,欣巴巴,14,建材營造,建材營造,14
9907,統一實業股份有限公司,統一實,20,其他,其他,20
9908,大台北區瓦斯股份有限公司,大台北,23,油電燃氣業,油電燃氣業,23
9910,豐泰企業股份有限公司,豐泰,20,其他,其他,20
9911,台灣櫻花股份有限公司,櫻花,20,其他,其他,20
9912,偉聯科技股份有限公司,偉聯,25,電腦及週邊設備業,電腦及週邊設備業,25
9914,美利達工業股份有限公司,美利達,20,其他,其他,20
9917,中興保全科技股份有限公司,中保科,20,其他,其他,20
9918,欣欣天然氣股份有限公司,欣天然,23,油電燃氣業,油電燃氣業,23
9919,康那香企業股份有限公司,康那香,20,其他,其他,20
9921,巨大機械工業股份有限公司,巨大,20,其他,其他,20
9924,台灣福興工業股份有限公司,福興,20,其他,其他,20
9925,台灣新光保全股份有限公司,新保,20,其他,其他,20
9926,新海瓦斯股份有限公司,新海,23,油電燃氣業,油電燃氣業,23
9927,泰銘實業股份有限公司,泰銘,20,其他,其他,20
9928,中國電視事業股份有限公司,中視,20,其他,其他,20
9929,秋雨創新股份有限公司,秋雨,20,其他,其他,20
9930,中聯資源股份有限公司,中聯資源,20,其他,其他,20
9931,欣高石油氣股份有限公司,欣高,23,油電燃氣業,油電燃氣業,23
9933,中鼎工程股份有限公司,中鼎,20,其他,其他,20
9934,成霖企業股份有限公司,成霖,20,其他,其他,20
9935,慶豐富實業股份有限公司,慶豐富,20,其他,其他,20
9937,全國加油站股份有限公司,全國,23,油電燃氣業,油電燃氣業,23
9938,台灣百和工業股份有限公司,百和,20,其他,其他,20
9939,宏全國際股份有限公司,宏全,20,其他,其他,20
9940,信義房屋股份有限公司,信義,20,其他,其他,20
9941,裕融企業股份有限公司,裕融,20,其他,其他,20
9942,茂順密封元件科技股份有限公司,茂順,20,其他,其他,20
9943,好樂迪股份有限公司,好樂迪,16,觀光事業,觀光事業,16
9944,新麗企業股份有限公司,新麗,20,其他,其他,20
9945,潤泰創新國際股份有限公司,潤泰新,20,其他,其他,20
9946,三發地產股份有限公司(原:金革),三發地產,14,建材營造,建材營造,14
9955,佳龍科技工程股份有限公司,佳龍,20,其他,其他,20
9958,世紀鋼鐵結構股份有限公司,世紀鋼,10,鋼鐵工業,鋼鐵工業,10
