公司代號,公司名稱,公司簡稱,產業別,實收資本額,Type,上市公司產業類別,上櫃公司產業類別,新編碼
1101,臺灣水泥股份有限公司,台泥,01,77511817420,上市,水泥工業,--,01
1102,亞洲水泥股份有限公司,亞泥,01,35465628810,上市,水泥工業,--,01
1103,嘉新水泥股份有限公司,嘉泥,01,7902474590,上市,水泥工業,--,01
1104,環球水泥股份有限公司,環泥,01,6866818160,上市,水泥工業,--,01
1108,幸福水泥股份有限公司,幸福,01,4047380490,上市,水泥工業,--,01
1109,信大水泥股份有限公司,信大,01,3411588680,上市,水泥工業,--,01
1110,東南水泥股份有限公司,東泥,01,5720007970,上市,水泥工業,--,01
1201,味全食品工業股份有限公司,味全,02,5060629140,上市,食品工業,食品工業,02
1203,味王股份有限公司,味王,02,2400000000,上市,食品工業,食品工業,02
1210,大成長城企業股份有限公司,大成,02,8947672220,上市,食品工業,食品工業,02
1213,大西洋飲料股份有限公司,大飲,02,566226270,上市,食品工業,食品工業,02
1215,台灣卜蜂企業股份有限公司,卜蜂,02,2947900980,上市,食品工業,食品工業,02
1216,統一企業股份有限公司,統一,02,56820154210,上市,食品工業,食品工業,02
1217,愛之味股份有限公司,愛之味,02,4945133360,上市,食品工業,食品工業,02
1218,泰山企業股份有限公司,泰山,02,4999990380,上市,食品工業,食品工業,02
1219,福壽實業股份有限公司,福壽,02,3416023640,上市,食品工業,食品工業,02
1220,台榮產業股份有限公司,台榮,02,1770779440,上市,食品工業,食品工業,02
1225,福懋油脂股份有限公司,福懋油,02,2296382040,上市,食品工業,食品工業,02
1227,佳格食品股份有限公司,佳格,02,9150895910,上市,食品工業,食品工業,02
1229,聯華實業控股股份有限公司,聯華,02,17104387320,上市,食品工業,食品工業,02
1231,聯華食品工業股份有限公司,聯華食,02,2713222500,上市,食品工業,食品工業,02
1232,大統益股份有限公司,大統益,02,1599749150,上市,食品工業,食品工業,02
1233,天仁茶業股份有限公司,天仁,02,905919480,上市,食品工業,食品工業,02
1234,黑松股份有限公司,黑松,02,4018710940,上市,食品工業,食品工業,02
1235,興泰實業股份有限公司,興泰,02,1571481970,上市,食品工業,食品工業,02
1236,宏亞食品股份有限公司,宏亞,02,866740080,上市,食品工業,食品工業,02
1256,鮮活控股股份有限公司,鮮活果汁-KY,02,20100112,上市,食品工業,食品工業,02
1301,台灣塑膠工業股份有限公司,台塑,03,63657407810,上市,塑膠工業,塑膠工業,03
1303,南亞塑膠工業股份有限公司,南亞,03,79308215890,上市,塑膠工業,塑膠工業,03
1304,台灣聚合化學品股份有限公司,台聚,03,11887635000,上市,塑膠工業,塑膠工業,03
1305,華夏海灣塑膠股份有限公司,華夏,03,5810504940,上市,塑膠工業,塑膠工業,03
1307,三芳化學工業股份有限公司,三芳,03,3978181260,上市,塑膠工業,塑膠工業,03
1308,亞洲聚合股份有限公司,亞聚,03,5937439190,上市,塑膠工業,塑膠工業,03
1309,台達化學工業股份有限公司,台達化,03,3975868480,上市,塑膠工業,塑膠工業,03
1310,台灣苯乙烯工業股份有限公司,台苯,03,5278697640,上市,塑膠工業,塑膠工業,03
1312,國喬石油化學股份有限公司,國喬,03,11266203280,上市,塑膠工業,塑膠工業,03
1313,聯成化學科技股份有限公司,聯成,03,13683546070,上市,塑膠工業,塑膠工業,03
1314,中國石油化學工業開發(股)公司,中石化,03,37848501300,上市,塑膠工業,塑膠工業,03
1315,達新工業股份有限公司,達新,03,990990000,上市,塑膠工業,塑膠工業,03
1316,上曜建設開發股份有限公司,上曜,14,3660160190,上市,建材營造,建材營造,14
1319,東陽實業廠股份有限公司,東陽,12,5914770680,上市,汽車工業,--,12
1321,大洋塑膠工業股份有限公司,大洋,03,新台幣                 10.0000元,上市,塑膠工業,塑膠工業,03
1323,永裕塑膠工業股份有限公司,永裕,03,912745540,上市,塑膠工業,塑膠工業,03
1324,地球綜合工業股份有限公司,地球,03,751218820,上市,塑膠工業,塑膠工業,03
1325,大股份有限公司,恆大,03,852811980,上市,塑膠工業,塑膠工業,03
1326,台灣化學纖維股份有限公司,台化,03,58611862910,上市,塑膠工業,塑膠工業,03
1337,亞洲塑膠再生資源控股有限公司,再生-KY,03,2689547290,上市,塑膠工業,塑膠工業,03
1338,廣華控股有限公司,廣華-KY,12,838400000,上市,汽車工業,--,12
1339,昭輝實業股份有限公司,昭輝,12,741238750,上市,汽車工業,--,12
1340,勝悅新材料有限公司,勝悅-KY,03,1529228550,上市,塑膠工業,塑膠工業,03
1341,富林塑膠工業(開曼)控股(股)公司,富林-KY,03,528506340,上市,塑膠工業,塑膠工業,03
1342,八貫企業股份有限公司,八貫,20,786152590,上市,其他,其他,20
1402,遠東新世紀股份有限公司,遠東新,04,新台幣                 10.0000元,上市,紡織纖維,紡織纖維,04
1409,新光合成纖維股份有限公司,新纖,04,16184092860,上市,紡織纖維,紡織纖維,04
1410,南洋染整股份有限公司,南染,04,630000000,上市,紡織纖維,紡織纖維,04
1413,宏洲纖維工業股份有限公司,宏洲,04,1321124540,上市,紡織纖維,紡織纖維,04
1414,東和紡織股份有限公司,東和,04,2200000000,上市,紡織纖維,紡織纖維,04
1416,廣豐實業股份有限公司,廣豐,20,1853421680,上市,其他,其他,20
1417,嘉裕股份有限公司,嘉裕,04,1899418400,上市,紡織纖維,紡織纖維,04
1418,東華龍股份有限公司,東華,04,568343090,上市,紡織纖維,紡織纖維,04
1419,新光紡織股份有限公司,新紡,04,3000412800,上市,紡織纖維,紡織纖維,04
1423,利華羊毛工業股份有限公司,利華,04,996480000,上市,紡織纖維,紡織纖維,04
1432,大魯閣實業股份有限公司,大魯閣,37,1080000000,上市,運動休閒,運動休閒,37
1434,福懋興業股份有限公司,福懋,04,16846646370,上市,紡織纖維,紡織纖維,04
1435,中福國際(股)公司,中福,20,1397800800,上市,其他,其他,20
1436,華友聯開發股份有限公司,華友聯,14,1319793490,上市,建材營造,建材營造,14
1437,勤益投資控股股份有限公司,勤益控,20,2033712840,上市,其他,其他,20
1438,三地開發地產股份有限公司,三地開發,14,1112057590,上市,建材營造,建材營造,14
1439,雋揚國際股份有限公司,雋揚,14,920000000,上市,建材營造,建材營造,14
1440,臺南紡織股份有限公司,南紡,04,16568158570,上市,紡織纖維,紡織纖維,04
1441,大東紡織股份有限公司,大東,04,717443870,上市,紡織纖維,紡織纖維,04
1442,名軒開發股份有限公司,名軒,14,新台幣                 10.0000元,上市,建材營造,建材營造,14
1443,立益物流開發股份有限公司,立益物流,20,1353430110,上市,其他,其他,20
1444,力麗企業股份有限公司,力麗,04,9955950590,上市,紡織纖維,紡織纖維,04
1445,大宇紡織股份有限公司,大宇,04,1306660340,上市,紡織纖維,紡織纖維,04
1446,宏和精密紡織股份有限公司,宏和,04,1377095130,上市,紡織纖維,紡織纖維,04
1447,力鵬企業股份有限公司,力鵬,04,9100712420,上市,紡織纖維,紡織纖維,04
1449,佳和實業股份有限公司,佳和,04,1030939100,上市,紡織纖維,紡織纖維,04
1451,年興紡織股份有限公司,年興,04,1980000000,上市,紡織纖維,紡織纖維,04
1452,宏益纖維工業股份有限公司,宏益,04,1326414000,上市,紡織纖維,紡織纖維,04
1453,大將開發股份有限公司,大將,14,1099447060,上市,建材營造,建材營造,14
1454,台灣富綢纖維股份有限公司,台富,04,1298338480,上市,紡織纖維,紡織纖維,04
1455,集盛實業股份有限公司,集盛,04,5316883800,上市,紡織纖維,紡織纖維,04
1456,怡華實業股份有限公司,怡華,14,937200000,上市,建材營造,建材營造,14
1457,宜進實業股份有限公司,宜進,04,3167300220,上市,紡織纖維,紡織纖維,04
1459,聯發紡織纖維股份有限公司,聯發,04,3586289070,上市,紡織纖維,紡織纖維,04
1460,宏遠興業股份有限公司,宏遠,04,6946434840,上市,紡織纖維,紡織纖維,04
1463,強盛新股份有限公司,強盛新,04,1732683810,上市,紡織纖維,紡織纖維,04
1464,得力實業股份有限公司,得力,04,4076395910,上市,紡織纖維,紡織纖維,04
1465,偉全實業股份有限公司,偉全,04,1036072670,上市,紡織纖維,紡織纖維,04
1466,聚隆纖維股份有限公司,聚隆,04,1111573200,上市,紡織纖維,紡織纖維,04
1467,南緯實業股份有限公司,南緯,04,2336246670,上市,紡織纖維,紡織纖維,04
1468,昶和纖維興業股份有限公司,昶和,04,1604052440,上市,紡織纖維,紡織纖維,04
1470,大統新創股份有限公司,大統新創,04,857670000,上市,紡織纖維,紡織纖維,04
1471,首利實業股份有限公司,首利,28,1504145360,上市,電子零組件業,電子零組件業,28
1472,三洋實業股份有限公司,三洋實業,14,524880820,上市,建材營造,建材營造,14
1473,台南企業股份有限公司,台南,04,1461535340,上市,紡織纖維,紡織纖維,04
1474,弘裕企業股份有限公司,弘裕,04,1298969690,上市,紡織纖維,紡織纖維,04
1475,台灣業旺股份有限公司,業旺,04,660167490,上市,紡織纖維,紡織纖維,04
1476,儒鴻企業股份有限公司,儒鴻,04,2743671110,上市,紡織纖維,紡織纖維,04
1477,聚陽實業股份有限公司,聚陽,04,2466937130,上市,紡織纖維,紡織纖維,04
1503,士林電機廠股份有限公司,士電,05,5209722230,上市,電機機械,電機機械,05
1504,東元電機股份有限公司,東元,05,21387966160,上市,電機機械,電機機械,05
1506,正道工業股份有限公司,正道,05,3003885010,上市,電機機械,電機機械,05
1512,瑞利企業股份有限公司,瑞利,12,981834980,上市,汽車工業,--,12
1513,中興電工機械股份有限公司,中興電,05,5031125150,上市,電機機械,電機機械,05
1514,亞力電機股份有限公司,亞力,05,2677549860,上市,電機機械,電機機械,05
1515,力山工業股份有限公司,力山,05,1814735000,上市,電機機械,電機機械,05
1516,川飛能源股份有限公司,川飛,20,400081950,上市,其他,其他,20
1517,利奇機械工業股份有限公司,利奇,05,2233000070,上市,電機機械,電機機械,05
1519,華城電機股份有限公司,華城,05,2871644030,上市,電機機械,電機機械,05
1521,大億交通工業製造股份有限公司,大億,12,762300000,上市,汽車工業,--,12
1522,堤維西交通工業股份有限公司,堤維西,12,3428978810,上市,汽車工業,--,12
1524,耿鼎企業股份有限公司,耿鼎,12,1653103970,上市,汽車工業,--,12
1525,江申工業股份有限公司,江申,12,734001350,上市,汽車工業,--,12
1526,日馳企業股份有限公司,日馳,05,600000000,上市,電機機械,電機機械,05
1527,鑽全實業股份有限公司,鑽全,05,1385706400,上市,電機機械,電機機械,05
1528,恩德科技股份有限公司,恩德,05,1913310000,上市,電機機械,電機機械,05
1529,樂事綠能科技股份有限公司,樂事綠能,05,1550950740,上市,電機機械,電機機械,05
1530,亞崴機電股份有限公司,亞崴,05,965941710,上市,電機機械,電機機械,05
1531,高林股份有限公司,高林股,05,1821080800,上市,電機機械,電機機械,05
1532,勤美股份有限公司,勤美,05,4226042710,上市,電機機械,電機機械,05
1533,車王電子股份有限公司,車王電,12,985474860,上市,汽車工業,--,12
1535,中宇環保工程股份有限公司,中宇,05,1237425520,上市,電機機械,電機機械,05
1536,和大工業股份有限公司,和大,12,2795175130,上市,汽車工業,--,12
1537,廣隆光電科技股份有限公司,廣隆,05,820627940,上市,電機機械,電機機械,05
1538,正峰工業股份有限公司,正峰,05,323000000,上市,電機機械,電機機械,05
1539,巨庭機械股份有限公司,巨庭,05,653700000,上市,電機機械,電機機械,05
1540,喬福機械工業股份有限公司,喬福,05,854736120,上市,電機機械,電機機械,05
1541,錩泰工業股份有限公司,錩泰,05,788000000,上市,電機機械,電機機械,05
1558,伸興工業股份有限公司,伸興,05,665356310,上市,電機機械,電機機械,05
1560,中國砂輪企業股份有限公司,中砂,05,1462692340,上市,電機機械,電機機械,05
1563,巧新科技工業股份有限公司,巧新,12,2377841400,上市,汽車工業,--,12
1568,倉佑實業股份有限公司,倉佑,12,1030865590,上市,汽車工業,--,12
1582,信錦企業股份有限公司,信錦,28,1442686040,上市,電子零組件業,電子零組件業,28
1583,程泰機械股份有限公司,程泰,05,1104003720,上市,電機機械,電機機械,05
1587,吉茂精密股份有限公司,吉茂,12,800556720,上市,汽車工業,--,12
1589,永冠能源科技集團有限公司,永冠-KY,05,1331359410,上市,電機機械,電機機械,05
1590,亞德客國際集團,亞德客-KY,05,1999999980,上市,電機機械,電機機械,05
1597,直得科技股份有限公司,直得,05,892618040,上市,電機機械,電機機械,05
1598,岱宇國際股份有限公司,岱宇,37,1791420920,上市,運動休閒,運動休閒,37
1603,中華電線電纜股份有限公司,華電,06,1916880000,上市,電器電纜,電器電纜,06
1604,聲寶股份有限公司,聲寶,06,3842000000,上市,電器電纜,電器電纜,06
1605,華新麗華股份有限公司,華新,06,40313329480,上市,電器電纜,電器電纜,06
1608,華榮電線電纜股份有限公司,華榮,06,6327735060,上市,電器電纜,電器電纜,06
1609,大亞電線電纜股份有限公司,大亞,06,7736570870,上市,電器電纜,電器電纜,06
1611,中國電器股份有限公司,中電,06,3227357420,上市,電器電纜,電器電纜,06
1612,宏泰電工股份有限公司,宏泰,06,3160800630,上市,電器電纜,電器電纜,06
1614,台灣三洋電機股份有限公司,三洋電,06,2691134060,上市,電器電纜,電器電纜,06
1615,大山電線電纜股份有限公司,大山,06,1872987640,上市,電器電纜,電器電纜,06
1616,億泰電線電纜股份有限公司,億泰,06,1941485150,上市,電器電纜,電器電纜,06
1617,榮星電線工業股份有限公司,榮星,06,1695147000,上市,電器電纜,電器電纜,06
1618,合機電線電纜股份有限公司,合機,06,1926917470,上市,電器電纜,電器電纜,06
1626,艾美特(開曼)國際有限公司,艾美特-KY,06,1498217210,上市,電器電纜,電器電纜,06
1702,南僑投資控股股份有限公司,南僑,02,2941329620,上市,食品工業,食品工業,02
1707,葡萄王生技股份有限公司,葡萄王,22,1481373730,上市,生技醫療業,生技醫療業,22
1708,東南實業股份有限公司,東鹼,21,2490016510,上市,化學工業,化學工業,21
1709,和益化學工業股份有限公司,和益,21,4770162720,上市,化學工業,化學工業,21
1710,東聯化學股份有限公司,東聯,21,8857030290,上市,化學工業,化學工業,21
1711,臺灣永光化學工業股份有限公司,永光,21,5477522260,上市,化學工業,化學工業,21
1712,興農股份有限公司,興農,21,4204925850,上市,化學工業,化學工業,21
1713,國泰化工廠股份有限公司,國化,21,1509517000,上市,化學工業,化學工業,21
1714,和桐化學股份有限公司,和桐,21,10168248080,上市,化學工業,化學工業,21
1717,長興材料工業股份有限公司,長興,21,11782654830,上市,化學工業,化學工業,21
1718,中國人造纖維股份有限公司,中纖,21,16859057450,上市,化學工業,化學工業,21
1720,生達化學製藥股份有限公司,生達,22,1786960890,上市,生技醫療業,生技醫療業,22
1721,三晃股份有限公司,三晃,21,1848840920,上市,化學工業,化學工業,21
1722,台灣肥料股份有限公司,台肥,21,9800000000,上市,化學工業,化學工業,21
1723,中鋼碳素化學股份有限公司,中碳,21,2369044800,上市,化學工業,化學工業,21
1725,元禎企業股份有限公司,元禎,21,1818299780,上市,化學工業,化學工業,21
1726,永記造漆工業股份有限公司,永記,21,1620000000,上市,化學工業,化學工業,21
1727,臺灣中華化學工業股份有限公司,中華化,21,1253654790,上市,化學工業,化學工業,21
1730,花仙子企業股份有限公司,花仙子,21,632338510,上市,化學工業,化學工業,21
1731,美吾華股份有限公司,美吾華,22,1329152440,上市,生技醫療業,生技醫療業,22
1732,毛寶股份有限公司,毛寶,21,424439570,上市,化學工業,化學工業,21
1733,五鼎生物技術股份有限公司,五鼎,22,999501920,上市,生技醫療業,生技醫療業,22
1734,杏輝藥品工業股份有限公司,杏輝,22,1811397840,上市,生技醫療業,生技醫療業,22
1735,日勝化工股份有限公司,日勝化,21,993880000,上市,化學工業,化學工業,21
1736,喬山健康科技股份有限公司,喬山,37,3033946170,上市,運動休閒,運動休閒,37
1737,臺鹽實業股份有限公司,臺鹽,02,2000000000,上市,食品工業,食品工業,02
1752,南光化學製藥股份有限公司,南光,22,1009884720,上市,生技醫療業,生技醫療業,22
1760,寶齡富錦生技股份有限公司,寶齡富錦,22,857390130,上市,生技醫療業,生技醫療業,22
1762,中化合成生技股份有限公司,中化生,22,775600000,上市,生技醫療業,生技醫療業,22
1773,勝一化工股份有限公司,勝一,21,2500000000,上市,化學工業,化學工業,21
1776,展宇科技材料股份有限公司,展宇,21,601069520,上市,化學工業,化學工業,21
1783,和康生物科技股份有限公司,和康生,22,896801150,上市,生技醫療業,生技醫療業,22
1786,科妍生物科技股份有限公司,科妍,22,721916880,上市,生技醫療業,生技醫療業,22
1789,台灣神隆股份有限公司,神隆,22,7907392220,上市,生技醫療業,生技醫療業,22
1795,美時化學製藥股份有限公司,美時,22,2658138120,上市,生技醫療業,生技醫療業,22
1802,台灣玻璃工業股份有限公司,台玻,08,新台幣                 10.0000元,上市,玻璃陶瓷,玻璃陶瓷,08
1805,寶徠建設股份有限公司,寶徠,14,1349704550,上市,建材營造,建材營造,14
1806,冠軍建材股份有限公司,冠軍,08,3904038700,上市,玻璃陶瓷,玻璃陶瓷,08
1808,潤隆建設股份有限公司,潤隆,14,9922574930,上市,建材營造,建材營造,14
1809,中國製釉股份有限公司,中釉,08,1670419370,上市,玻璃陶瓷,玻璃陶瓷,08
1810,和成欣業股份有限公司,和成,08,3023037190,上市,玻璃陶瓷,玻璃陶瓷,08
1817,凱撒衛浴股份有限公司,凱撒衛,08,726000000,上市,玻璃陶瓷,玻璃陶瓷,08
1903,士林紙業股份有限公司,士紙,09,2600391210,上市,造紙工業,--,09
1904,正隆股份有限公司,正隆,09,11082745220,上市,造紙工業,--,09
1905,中華紙漿股份有限公司,華紙,09,11028353160,上市,造紙工業,--,09
1906,寶隆國際股份有限公司,寶隆,09,1510000000,上市,造紙工業,--,09
1907,永豐餘投資控股股份有限公司,永豐餘,09,16603714950,上市,造紙工業,--,09
1909,榮成紙業股份有限公司,榮成,09,13276857270,上市,造紙工業,--,09
2002,中國鋼鐵股份有限公司,中鋼,10,157731289960,上市,鋼鐵工業,鋼鐵工業,10
2006,東和鋼鐵企業股份有限公司,東和鋼鐵,10,7302138180,上市,鋼鐵工業,鋼鐵工業,10
2007,燁興企業股份有限公司,燁興,10,5306516130,上市,鋼鐵工業,鋼鐵工業,10
2008,高興昌鋼鐵股份有限公司,高興昌,10,1908522930,上市,鋼鐵工業,鋼鐵工業,10
2009,第一伸銅科技股份有限公司,第一銅,10,3596221650,上市,鋼鐵工業,鋼鐵工業,10
2010,春源鋼鐵工業股份有限公司,春源,10,6476553900,上市,鋼鐵工業,鋼鐵工業,10
2012,春雨工廠股份有限公司,春雨,10,3021627000,上市,鋼鐵工業,鋼鐵工業,10
2013,中國鋼鐵結構股份有限公司,中鋼構,10,2000000000,上市,鋼鐵工業,鋼鐵工業,10
2014,中鴻鋼鐵股份有限公司,中鴻,10,14355444460,上市,鋼鐵工業,鋼鐵工業,10
2015,豐興鋼鐵股份有限公司,豐興,10,5815994240,上市,鋼鐵工業,鋼鐵工業,10
2017,官田鋼鐵股份有限公司,官田鋼,10,4468746910,上市,鋼鐵工業,鋼鐵工業,10
2020,美亞鋼管廠股份有限公司,美亞,10,2670313200,上市,鋼鐵工業,鋼鐵工業,10
2022,聚亨企業股份有限公司,聚亨,10,3371681380,上市,鋼鐵工業,鋼鐵工業,10
2023,燁輝企業股份有限公司,燁輝,10,19519972140,上市,鋼鐵工業,鋼鐵工業,10
2024,志聯工業股份有限公司,志聯,10,975000000,上市,鋼鐵工業,鋼鐵工業,10
2025,千興不鋼(股)公司,千興,10,1726605360,上市,鋼鐵工業,鋼鐵工業,10
2027,大成不鋼工業股份有限公司,大成鋼,10,24342606150,上市,鋼鐵工業,鋼鐵工業,10
2028,威致鋼鐵工業股份有限公司,威致,10,3257148000,上市,鋼鐵工業,鋼鐵工業,10
2029,盛餘股份有限公司,盛餘,10,新台幣                 10.0000元,上市,鋼鐵工業,鋼鐵工業,10
2030,彰源企業股份有限公司,彰源,10,2805260270,上市,鋼鐵工業,鋼鐵工業,10
2031,新光鋼鐵股份有限公司,新光鋼,10,3211463410,上市,鋼鐵工業,鋼鐵工業,10
2032,新鋼工業股份有限公司,新鋼,10,1305215450,上市,鋼鐵工業,鋼鐵工業,10
2033,佳大世界股份有限公司,佳大,10,806945360,上市,鋼鐵工業,鋼鐵工業,10
2034,允強實業股份有限公司,允強,10,5235004870,上市,鋼鐵工業,鋼鐵工業,10
2038,海光企業股份有限公司,海光,10,1903277480,上市,鋼鐵工業,鋼鐵工業,10
2049,上銀科技股份有限公司,上銀,05,3537922400,上市,電機機械,電機機械,05
2059,川湖科技股份有限公司,川湖,28,952970720,上市,電子零組件業,電子零組件業,28
2062,橋椿金屬股份有限公司,橋椿,38,1999941520,上市,居家生活,居家生活,38
2069,運錩鋼鐵股份有限公司,運錩,10,1663868360,上市,鋼鐵工業,鋼鐵工業,10
2101,南港輪胎股份有限公司,南港,11,8339349040,上市,橡膠工業,橡膠工業,11
2102,泰豐輪胎股份有限公司,泰豐,11,4733292070,上市,橡膠工業,橡膠工業,11
2103,台橡股份有限公司,台橡,11,8257099780,上市,橡膠工業,橡膠工業,11
2104,國際中橡投資控股股份有限公司,國際中橡,11,9847336250,上市,橡膠工業,橡膠工業,11
2105,正新橡膠工業股份有限公司,正新,11,32414155360,上市,橡膠工業,橡膠工業,11
2106,建大工業股份有限公司,建大,11,9548900000,上市,橡膠工業,橡膠工業,11
2107,厚生股份有限公司,厚生,11,3035934000,上市,橡膠工業,橡膠工業,11
2108,南帝化學工業股份有限公司,南帝,11,4924166590,上市,橡膠工業,橡膠工業,11
2109,華豐橡膠工業股份有限公司,華豐,11,2793491340,上市,橡膠工業,橡膠工業,11
2114,鑫永銓股份有限公司,鑫永銓,11,779917070,上市,橡膠工業,橡膠工業,11
2115,六暉控股股份有限公司,六暉-KY,12,20131225,上市,汽車工業,--,12
2201,裕隆汽車製造股份有限公司,裕隆,12,10700012510,上市,汽車工業,--,12
2204,中華汽車工業股份有限公司,中華,12,5536203420,上市,汽車工業,--,12
2206,三陽工業股份有限公司,三陽工業,12,7974896040,上市,汽車工業,--,12
2207,和泰汽車股份有限公司,和泰車,12,5571027680,上市,汽車工業,--,12
2208,台灣國際造船股份有限公司,台船,15,12745394490,上市,航運業,航運業,15
2211,長榮鋼鐵股份有限公司,長榮鋼,10,4170914630,上市,鋼鐵工業,鋼鐵工業,10
2227,裕隆日產汽車股份有限公司,裕日車,12,3000000000,上市,汽車工業,--,12
2228,劍麟股份有限公司,劍麟,12,795313390,上市,汽車工業,--,12
2231,為升電裝工業股份有限公司,為升,12,1409176080,上市,汽車工業,--,12
2233,宇隆科技股份有限公司,宇隆,12,602880890,上市,汽車工業,--,12
2236,百達精密工業股份有限公司,百達-KY,12,535081890,上市,汽車工業,--,12
2239,開曼英利工業股份有限公司,英利-KY,12,1203465930,上市,汽車工業,--,12
2241,艾姆勒科技股份有限公司,艾姆勒,12,1046023060,上市,汽車工業,--,12
2243,宏旭控股股份有限公司,宏旭-KY,12,693735960,上市,汽車工業,--,12
2247,汎德永業汽車股份有限公司,汎德永業,12,807087350,上市,汽車工業,--,12
2248,華勝汽車電子股份有限公司,華勝-KY,12,476000000,上市,汽車工業,--,12
2250,第一化成控股(開曼)股份有限公司,IKKA-KY,12,343075650,上市,汽車工業,--,12
2254,巨鎧精密工業股份有限公司,巨鎧精密-創,12,639076800,上市,汽車工業,--,12
2258,鴻華先進科技股份有限公司,鴻華先進-創,12,17413140000,上市,汽車工業,--,12
2301,光寶科技股份有限公司,光寶科,25,23411787630,上市,電腦及週邊設備業,電腦及週邊設備業,25
2302,麗正國際科技股份有限公司,麗正,24,1663028810,上市,半導體業,半導體業,24
2303,聯華電子股份有限公司,聯電,24,125565077040,上市,半導體業,半導體業,24
2305,全友電腦股份有限公司,全友,25,2056608270,上市,電腦及週邊設備業,電腦及週邊設備業,25
2308,台達電子工業股份有限公司,台達電,28,25975433290,上市,電子零組件業,電子零組件業,28
2312,金寶電子工業股份有限公司,金寶,31,15046762110,上市,其他電子業,其他電子業,31
2313,華通電腦股份有限公司,華通,28,11918205890,上市,電子零組件業,電子零組件業,28
2314,台揚科技股份有限公司,台揚,27,2520283200,上市,通信網路業,通信網路業,27
2316,楠梓電子股份有限公司,楠梓電,28,1827405360,上市,電子零組件業,電子零組件業,28
2317,鴻海精密工業股份有限公司,鴻海,31,138917019490,上市,其他電子業,其他電子業,31
2321,東訊股份有限公司,東訊,27,302719290,上市,通信網路業,通信網路業,27
2323,中環股份有限公司,中環,26,10893483280,上市,光電業,光電業,26
2324,仁寶電腦工業股份有限公司,仁寶,25,44071466250,上市,電腦及週邊設備業,電腦及週邊設備業,25
2327,國巨股份有限公司,國巨,28,5182414550,上市,電子零組件業,電子零組件業,28
2328,廣宇科技股份有限公司,廣宇,28,5183462820,上市,電子零組件業,電子零組件業,28
2329,華泰電子股份有限公司,華泰,24,7404083330,上市,半導體業,半導體業,24
2330,台灣積體電路製造股份有限公司,台積電,24,259326155210,上市,半導體業,半導體業,24
2331,精英電腦股份有限公司,精英,25,5574029680,上市,電腦及週邊設備業,電腦及週邊設備業,25
2332,友訊科技股份有限公司,友訊,27,6023296730,上市,通信網路業,通信網路業,27
2337,旺宏電子股份有限公司,旺宏,24,18558264410,上市,半導體業,半導體業,24
2338,台灣光罩股份有限公司,光罩,24,2564561830,上市,半導體業,半導體業,24
2340,台亞半導體股份有限公司,台亞,24,4386228460,上市,半導體業,半導體業,24
2342,台灣茂矽電子股份有限公司,茂矽,24,1573917440,上市,半導體業,半導體業,24
2344,華邦電子股份有限公司,華邦電,24,45000001930,上市,半導體業,半導體業,24
2345,智邦科技股份有限公司,智邦,27,5611178970,上市,通信網路業,通信網路業,27
2347,聯強國際股份有限公司,聯強,29,16679469680,上市,電子通路業,電子通路業,29
2348,海悅國際開發股份有限公司,海悅,20,1818988530,上市,其他,其他,20
2349,錸德科技股份有限公司,錸德,26,6936796630,上市,光電業,光電業,26
2351,順德工業股份有限公司,順德,24,1821402490,上市,半導體業,半導體業,24
2352,佳世達科技股份有限公司,佳世達,25,19274469580,上市,電腦及週邊設備業,電腦及週邊設備業,25
2353,宏股份有限公司,宏,25,30478538280,上市,電腦及週邊設備業,電腦及週邊設備業,25
2354,鴻準精密工業股份有限公司,鴻準,31,14144851920,上市,其他電子業,其他電子業,31
2355,敬鵬工業股份有限公司,敬鵬,28,3974954200,上市,電子零組件業,電子零組件業,28
2356,英業達股份有限公司,英業達,25,35874750660,上市,電腦及週邊設備業,電腦及週邊設備業,25
2357,華碩電腦股份有限公司,華碩,25,7427602800,上市,電腦及週邊設備業,電腦及週邊設備業,25
2359,所羅門股份有限公司,所羅門,31,1714710520,上市,其他電子業,其他電子業,31
2360,致茂電子股份有限公司,致茂,31,4253220420,上市,其他電子業,其他電子業,31
2362,藍天電腦股份有限公司,藍天,25,6222630000,上市,電腦及週邊設備業,電腦及週邊設備業,25
2363,矽統科技股份有限公司,矽統,24,5149881610,上市,半導體業,半導體業,24
2364,倫飛電腦實業股份有限公司,倫飛,25,403000220,上市,電腦及週邊設備業,電腦及週邊設備業,25
2365,昆盈企業股份有限公司,昆盈,25,2215284960,上市,電腦及週邊設備業,電腦及週邊設備業,25
2367,燿華電子股份有限公司,燿華,28,7094071750,上市,電子零組件業,電子零組件業,28
2368,金像電子(股)公司,金像電,28,4918395050,上市,電子零組件業,電子零組件業,28
2369,菱生精密工業股份有限公司,菱生,24,3801023440,上市,半導體業,半導體業,24
2371,大同股份有限公司,大同,05,22225598510,上市,電機機械,電機機械,05
2373,震旦行股份有限公司,震旦行,31,2362025180,上市,其他電子業,其他電子業,31
2374,佳能企業股份有限公司,佳能,26,2893635120,上市,光電業,光電業,26
2375,凱美電機股份有限公司,凱美,28,1086753340,上市,電子零組件業,電子零組件業,28
2376,技嘉科技股份有限公司,技嘉,25,6698888860,上市,電腦及週邊設備業,電腦及週邊設備業,25
2377,微星科技股份有限公司,微星,25,8448561990,上市,電腦及週邊設備業,電腦及週邊設備業,25
2379,瑞昱半導體股份有限公司,瑞昱,24,5128636410,上市,半導體業,半導體業,24
2380,虹光精密工業股份有限公司,虹光,25,2169340840,上市,電腦及週邊設備業,電腦及週邊設備業,25
2382,廣達電腦股份有限公司,廣達,25,38626274320,上市,電腦及週邊設備業,電腦及週邊設備業,25
2383,台光電子材料股份有限公司,台光電,28,3467735990,上市,電子零組件業,電子零組件業,28
2385,群光電子股份有限公司,群光,28,7600531720,上市,電子零組件業,電子零組件業,28
2387,精元電腦股份有限公司,精元,25,1952510510,上市,電腦及週邊設備業,電腦及週邊設備業,25
2388,威盛電子股份有限公司,威盛,24,5555399410,上市,半導體業,半導體業,24
2390,云辰電子開發股份有限公司,云辰,31,1926194420,上市,其他電子業,其他電子業,31
2392,正崴精密工業股份有限公司,正崴,28,5123269400,上市,電子零組件業,電子零組件業,28
2393,億光電子工業股份有限公司,億光,26,4433930860,上市,光電業,光電業,26
2395,研華股份有限公司,研華,25,8641671250,上市,電腦及週邊設備業,電腦及週邊設備業,25
2397,友通資訊股份有限公司,友通,25,1144888570,上市,電腦及週邊設備業,電腦及週邊設備業,25
2399,映泰股份有限公司,映泰,25,1781000000,上市,電腦及週邊設備業,電腦及週邊設備業,25
2401,凌陽科技股份有限公司,凌陽,24,5919949190,上市,半導體業,半導體業,24
2402,毅嘉科技股份有限公司,毅嘉,28,3075365330,上市,電子零組件業,電子零組件業,28
2404,漢唐集成股份有限公司,漢唐,31,1905866980,上市,其他電子業,其他電子業,31
2405,輔信科技股份有限公司,輔信,25,3434273030,上市,電腦及週邊設備業,電腦及週邊設備業,25
2406,國碩科技工業股份有限公司,國碩,26,3509056890,上市,光電業,光電業,26
2408,南亞科技股份有限公司,南亞科,24,30986278940,上市,半導體業,半導體業,24
2409,友達光電股份有限公司,友達,26,75470989720,上市,光電業,光電業,26
2412,中華電信股份有限公司,中華電,27,77574465450,上市,通信網路業,通信網路業,27
2413,環隆科技股份有限公司,環科,28,1273592000,上市,電子零組件業,電子零組件業,28
2414,精技電腦股份有限公司,精技,29,1617358460,上市,電子通路業,電子通路業,29
2415,錩新科技股份有限公司,錩新,28,900000000,上市,電子零組件業,電子零組件業,28
2417,圓剛科技股份有限公司,圓剛,25,1576188640,上市,電腦及週邊設備業,電腦及週邊設備業,25
2419,仲琦科技股份有限公司,仲琦,27,3213172290,上市,通信網路業,通信網路業,27
2420,新巨企業股份有限公司,新巨,28,1526486880,上市,電子零組件業,電子零組件業,28
2421,建準電機工業股份有限公司,建準,28,2734436690,上市,電子零組件業,電子零組件業,28
2423,固緯電子實業股份有限公司,固緯,31,1450472890,上市,其他電子業,其他電子業,31
2424,隴華電子股份有限公司,隴華,27,579850000,上市,通信網路業,通信網路業,27
2425,承啟科技股份有限公司,承啟,25,964988310,上市,電腦及週邊設備業,電腦及週邊設備業,25
2426,鼎元光電科技股份有限公司,鼎元,26,3006222520,上市,光電業,光電業,26
2427,三商電腦股份有限公司,三商電,30,1973013390,上市,資訊服務業,資訊服務業,30
2428,興勤電子工業股份有限公司,興勤,28,1281127260,上市,電子零組件業,電子零組件業,28
2429,銘旺科技股份有限公司,銘旺科,26,855000000,上市,光電業,光電業,26
2430,燦坤實業股份有限公司,燦坤,29,1168000000,上市,電子通路業,電子通路業,29
2431,聯昌電子企業股份有限公司,聯昌,28,1109270140,上市,電子零組件業,電子零組件業,28
2432,倚天酷股份有限公司,倚天酷-創,25,618600000,上市,電腦及週邊設備業,電腦及週邊設備業,25
2433,互盛股份有限公司,互盛電,31,1444960110,上市,其他電子業,其他電子業,31
2434,統懋半導體股份有限公司,統懋,24,370000000,上市,半導體業,半導體業,24
2436,偉詮電子股份有限公司,偉詮電,24,1780115940,上市,半導體業,半導體業,24
2438,翔耀實業股份有限公司,翔耀,26,651956410,上市,光電業,光電業,26
2439,美律實業股份有限公司,美律,27,2534894140,上市,通信網路業,通信網路業,27
2440,太空梭高傳真資訊科技(股)公司,太空梭,28,1391172710,上市,電子零組件業,電子零組件業,28
2441,超豐電子股份有限公司,超豐,24,5688459210,上市,半導體業,半導體業,24
2442,新美齊股份有限公司,新美齊,14,2618191570,上市,建材營造,建材營造,14
2444,兆勁科技股份有限公司,兆勁,27,1015695730,上市,通信網路業,通信網路業,27
2449,京元電子股份有限公司,京元電子,24,12227450650,上市,半導體業,半導體業,24
2450,神腦國際企業股份有限公司,神腦,27,2582526570,上市,通信網路業,通信網路業,27
2451,創見資訊股份有限公司,創見,24,4307126750,上市,半導體業,半導體業,24
2453,凌群電腦股份有限公司,凌群,30,1000000000,上市,資訊服務業,資訊服務業,30
2454,聯發科技股份有限公司,聯發科,24,16016580020,上市,半導體業,半導體業,24
2455,全新光電科技股份有限公司,全新,27,1849059180,上市,通信網路業,通信網路業,27
2457,飛宏科技股份有限公司,飛宏,28,4312084160,上市,電子零組件業,電子零組件業,28
2458,義隆電子股份有限公司,義隆,24,3038803920,上市,半導體業,半導體業,24
2459,敦吉科技股份有限公司,敦吉,31,1055956150,上市,其他電子業,其他電子業,31
2460,建通精密工業股份有限公司,建通,28,1692000000,上市,電子零組件業,電子零組件業,28
2461,光群雷射科技股份有限公司,光群雷,31,1740172840,上市,其他電子業,其他電子業,31
2462,台灣良得電子股份有限公司,良得電,28,1501440740,上市,電子零組件業,電子零組件業,28
2464,盟立自動化股份有限公司,盟立,31,2045312260,上市,其他電子業,其他電子業,31
2465,麗臺科技股份有限公司,麗臺,25,839460310,上市,電腦及週邊設備業,電腦及週邊設備業,25
2466,冠西電子企業股份有限公司,冠西電,26,1734586970,上市,光電業,光電業,26
2467,志聖工業股份有限公司,志聖,28,1567553480,上市,電子零組件業,電子零組件業,28
2468,華經資訊企業股份有限公司,華經,30,699612490,上市,資訊服務業,資訊服務業,30
2471,資通電腦股份有限公司,資通,30,472538900,上市,資訊服務業,資訊服務業,30
2472,立隆電子工業股份有限公司,立隆電,28,1647351370,上市,電子零組件業,電子零組件業,28
2474,可成科技股份有限公司,可成,31,6491450680,上市,其他電子業,其他電子業,31
2476,鉅祥企業股份有限公司,鉅祥,28,2108960030,上市,電子零組件業,電子零組件業,28
2477,美隆工業股份有限公司,美隆電,31,1585732440,上市,其他電子業,其他電子業,31
2478,大毅科技股份有限公司,大毅,28,1447313390,上市,電子零組件業,電子零組件業,28
2480,敦陽科技股份有限公司,敦陽科,30,1063602910,上市,資訊服務業,資訊服務業,30
2481,強茂股份有限公司,強茂,24,3821149270,上市,半導體業,半導體業,24
2482,連宇股份有限公司,連宇,31,778827110,上市,其他電子業,其他電子業,31
2483,百容電子股份有限公司,百容,28,1090938070,上市,電子零組件業,電子零組件業,28
2484,希華晶體科技股份有限公司,希華,28,1594210220,上市,電子零組件業,電子零組件業,28
2485,兆赫電子股份有限公司,兆赫,27,3176890370,上市,通信網路業,通信網路業,27
2486,一詮精密工業股份有限公司,一詮,26,2339585790,上市,光電業,光電業,26
2488,漢平電子工業股份有限公司,漢平,31,799994330,上市,其他電子業,其他電子業,31
2489,瑞軒科技股份有限公司,瑞軒,26,6800000000,上市,光電業,光電業,26
2491,吉祥全球實業股份有限公司,吉祥全,26,820080000,上市,光電業,光電業,26
2492,華新科技股份有限公司,華新科,28,4858047740,上市,電子零組件業,電子零組件業,28
2493,揚博科技股份有限公司,揚博,28,1144373900,上市,電子零組件業,電子零組件業,28
2495,普安科技股份有限公司,普安,25,2735515380,上市,電腦及週邊設備業,電腦及週邊設備業,25
2496,卓越成功股份有限公司,卓越,20,191004400,上市,其他,其他,20
2497,怡利電子工業股份有限公司,怡利電,12,1227996760,上市,汽車工業,--,12
2498,宏達國際電子股份有限公司,宏達電,27,8335339850,上市,通信網路業,通信網路業,27
2501,國泰建設股份有限公司,國建,14,11595610590,上市,建材營造,建材營造,14
2504,國產建材實業股份有限公司,國產,14,11800000000,上市,建材營造,建材營造,14
2505,國揚實業股份有限公司,國揚,14,3800000000,上市,建材營造,建材營造,14
2506,太平洋建設股份有限公司,太設,14,3870000000,上市,建材營造,建材營造,14
2509,全坤建設開發股份有限公司,全坤建,14,2245505300,上市,建材營造,建材營造,14
2511,太子建設開發股份有限公司,太子,14,16233261470,上市,建材營造,建材營造,14
2514,龍邦國際興業股份有限公司,龍邦,20,3947292780,上市,其他,其他,20
2515,中華工程股份有限公司,中工,14,15308998220,上市,建材營造,建材營造,14
2516,新亞建設開發股份有限公司,新建,14,2262784570,上市,建材營造,建材營造,14
2520,冠德建設股份有限公司,冠德,14,5541701000,上市,建材營造,建材營造,14
2524,京城建設股份有限公司,京城,14,3694196000,上市,建材營造,建材營造,14
2527,宏璟建設股份有限公司,宏璟,14,新台幣                 10.0000元,上市,建材營造,建材營造,14
2528,皇普建設股份有限公司,皇普,14,4133585400,上市,建材營造,建材營造,14
2530,大華建設股份有限公司,華建,14,8399880000,上市,建材營造,建材營造,14
2534,宏盛建設股份有限公司,宏盛,14,4742279700,上市,建材營造,建材營造,14
2535,達欣工程股份有限公司,達欣工,14,2707939670,上市,建材營造,建材營造,14
2536,宏普建設股份有限公司,宏普,14,3328086520,上市,建材營造,建材營造,14
2537,聯上開發股份有限公司,聯上發,14,3005577950,上市,建材營造,建材營造,14
2538,基泰建設股份有限公司,基泰,14,4450254950,上市,建材營造,建材營造,14
2539,櫻花建設股份有限公司,櫻花建,14,9942521510,上市,建材營造,建材營造,14
2540,愛山林建設開發股份有限公司,愛山林,14,6749099750,上市,建材營造,建材營造,14
2542,興富發建設股份有限公司,興富發,14,20705557510,上市,建材營造,建材營造,14
2543,皇昌營造股份有限公司,皇昌,14,4550290270,上市,建材營造,建材營造,14
2545,皇翔建設股份有限公司,皇翔,14,3277348080,上市,建材營造,建材營造,14
2546,根基營造股份有限公司,根基,14,1231360310,上市,建材營造,建材營造,14
2547,日勝生活科技股份有限公司,日勝生,14,10350946490,上市,建材營造,建材營造,14
2548,華固建設股份有限公司,華固,14,3044939980,上市,建材營造,建材營造,14
2597,潤弘精密工程事業股份有限公司,潤弘,14,2589300000,上市,建材營造,建材營造,14
2601,益航股份有限公司,益航,18,8247760670,上市,貿易百貨,貿易百貨,18
2603,長榮海運股份有限公司,長榮,15,21650429960,上市,航運業,航運業,15
2605,新興航運股份有限公司,新興,15,5853532970,上市,航運業,航運業,15
2606,裕民航運股份有限公司,裕民,15,8450557120,上市,航運業,航運業,15
2607,長榮國際儲運股份有限公司,榮運,15,10671410940,上市,航運業,航運業,15
2608,嘉里大榮物流股份有限公司,嘉里大榮,15,4670004980,上市,航運業,航運業,15
2609,陽明海運股份有限公司,陽明,15,34921042700,上市,航運業,航運業,15
2610,中華航空股份有限公司,華航,15,60769349920,上市,航運業,航運業,15
2611,志信國際股份有限公司,志信,15,1890022720,上市,航運業,航運業,15
2612,中國航運股份有限公司,中航,15,1974845930,上市,航運業,航運業,15
2613,中國貨櫃運輸股份有限公司,中櫃,15,1484234580,上市,航運業,航運業,15
2614,東森國際股份有限公司,東森,20,3002430700,上市,其他,其他,20
2615,萬海航運股份有限公司,萬海,15,28061462930,上市,航運業,航運業,15
2616,山隆通運股份有限公司,山隆,23,1372818270,上市,油電燃氣業,油電燃氣業,23
2617,台灣航業股份有限公司,台航,15,4172944870,上市,航運業,航運業,15
2618,長榮航空股份有限公司,長榮航,15,54004443350,上市,航運業,航運業,15
2630,亞洲航空股份有限公司,亞航,15,2094382040,上市,航運業,航運業,15
2633,台灣高速鐵路股份有限公司,台灣高鐵,15,56282930580,上市,航運業,航運業,15
2634,漢翔航空工業股份有限公司,漢翔,15,9418671010,上市,航運業,航運業,15
2636,台驊國際控股股份有限公司,台驊控股,15,1418352300,上市,航運業,航運業,15
2637,慧洋海運股份有限公司,慧洋-KY,15,20081021,上市,航運業,航運業,15
2642,台灣宅配通股份有限公司,宅配通,15,954670000,上市,航運業,航運業,15
2645,長榮航太科技股份有限公司,長榮航太,15,3745709620,上市,航運業,航運業,15
2646,星宇航空股份有限公司,星宇航空,15,30087350000,上市,航運業,航運業,15
2701,萬華企業股份有限公司,萬企,16,4499678380,上市,觀光事業,觀光事業,16
2702,華園飯店股份有限公司,華園,16,1566132490,上市,觀光事業,觀光事業,16
2704,國賓大飯店股份有限公司,國賓,16,3669233430,上市,觀光事業,觀光事業,16
2705,六福開發股份有限公司,六福,16,1913128300,上市,觀光事業,觀光事業,16
2706,第一華僑大飯店股份有限公司,第一店,16,4999983460,上市,觀光事業,觀光事業,16
2707,晶華國際酒店股份有限公司,晶華,16,1274032380,上市,觀光事業,觀光事業,16
2712,遠雄悅來大飯店股份有限公司,遠雄來,16,1050000000,上市,觀光事業,觀光事業,16
2722,夏都國際開發股份有限公司,夏都,16,1431696960,上市,觀光事業,觀光事業,16
2723,開曼美食達人股份有限公司,美食-KY,16,1800000000,上市,觀光事業,觀光事業,16
2727,王品餐飲股份有限公司,王品,16,844511090,上市,觀光事業,觀光事業,16
2731,雄獅旅行社股份有限公司,雄獅,16,932777390,上市,觀光事業,觀光事業,16
2739,寒舍餐旅管理顧問股份有限公司,寒舍,16,915260000,上市,觀光事業,觀光事業,16
2748,雲品國際酒店股份有限公司,雲品,16,1057787400,上市,觀光事業,觀光事業,16
2753,八方雲集國際股份有限公司,八方雲集,16,666447960,上市,觀光事業,觀光事業,16
2762,世界健身股份有限公司,世界健身-KY,37,1125000000,上市,運動休閒,運動休閒,37
2801,彰化商業銀行股份有限公司,彰銀,17,112057583370,上市,金融保險,金融業,17
2809,京城商業銀行股份有限公司,京城銀,17,11112342650,上市,金融保險,金融業,17
2812,台中商業銀行股份有限公司,台中銀,17,55187566830,上市,金融保險,金融業,17
2816,旺旺友聯產物保險股份有限公司,旺旺保,17,2236080000,上市,金融保險,金融業,17
2820,中華票券金融股份有限公司,華票,17,13429600000,上市,金融保險,金融業,17
2832,台灣產物保險股份有限公司,台產,17,3622004000,上市,金融保險,金融業,17
2834,臺灣中小企業銀行股份有限公司,臺企銀,17,91679828760,上市,金融保險,金融業,17
2836,高雄銀行股份有限公司,高雄銀,17,18263271700,上市,金融保險,金融業,17
2838,聯邦商業銀行股份有限公司,聯邦銀,17,42500728730,上市,金融保險,金融業,17
2845,遠東國際商業銀行股份有限公司,遠東銀,17,新台幣                 10.0000元,上市,金融保險,金融業,17
2849,安泰商業銀行股份有限公司,安泰銀,17,19576093490,上市,金融保險,金融業,17
2850,新光產物保險股份有限公司,新產,17,3159633000,上市,金融保險,金融業,17
2851,中央再保險股份有限公司,中再保,17,8003887500,上市,金融保險,金融業,17
2852,第一產物保險股份有限公司,第一保,17,3011637840,上市,金融保險,金融業,17
2855,統一綜合證券股份有限公司,統一證,17,14558313430,上市,金融保險,金融業,17
2867,三商美邦人壽保險股份有限公司,三商壽,17,56995010440,上市,金融保險,金融業,17
2880,華南金融控股股份有限公司,華南金,17,137791733560,上市,金融保險,金融業,17
2881,富邦金融控股股份有限公司,富邦金,17,152657119050,上市,金融保險,金融業,17
2882,國泰金融控股股份有限公司,國泰金,17,162025101280,上市,金融保險,金融業,17
2883,凱基金融控股股份有限公司,凱基金,17,183900740770,上市,金融保險,金融業,17
2884,玉山金融控股股份有限公司,玉山金,17,159958000000,上市,金融保險,金融業,17
2885,元大金融控股股份有限公司,元大金,17,129428640250,上市,金融保險,金融業,17
2886,兆豐金融控股股份有限公司,兆豐金,17,148333782820,上市,金融保險,金融業,17
2887,台新金融控股股份有限公司,台新金,17,140761443120,上市,金融保險,金融業,17
2888,新光金融控股股份有限公司,新光金,17,180094789520,上市,金融保險,金融業,17
2889,國票金融控股股份有限公司,國票金,17,35321896290,上市,金融保險,金融業,17
2890,永豐金融控股股份有限公司,永豐金,17,126958509400,上市,金融保險,金融業,17
2891,中國信託金融控股股份有限公司,中信金,17,201532667300,上市,金融保險,金融業,17
2892,第一金融控股股份有限公司,第一金,17,140287499030,上市,金融保險,金融業,17
2897,王道商業銀行股份有限公司,王道銀行,17,30553578780,上市,金融保險,金融業,17
2901,欣欣大眾市場股份有限公司,欣欣,18,730432830,上市,貿易百貨,貿易百貨,18
2903,遠東百貨股份有限公司,遠百,18,14169405890,上市,貿易百貨,貿易百貨,18
2904,匯僑股份有限公司,匯僑,20,778344320,上市,其他,其他,20
2905,三商投資控股股份有限公司,三商,18,11224957030,上市,貿易百貨,貿易百貨,18
2906,高林實業股份有限公司,高林,18,2091166480,上市,貿易百貨,貿易百貨,18
2908,特力股份有限公司,特力,18,5098875580,上市,貿易百貨,貿易百貨,18
2910,統領百貨股份有限公司,統領,18,1754030000,上市,貿易百貨,貿易百貨,18
2911,麗嬰房股份有限公司,麗嬰房,18,1051259990,上市,貿易百貨,貿易百貨,18
2912,統一超商股份有限公司,統一超,18,10396222550,上市,貿易百貨,貿易百貨,18
2913,台灣農林股份有限公司,農林,18,7900000000,上市,貿易百貨,貿易百貨,18
2915,潤泰全球股份有限公司,潤泰全,18,11043187720,上市,貿易百貨,貿易百貨,18
2923,鼎固控股有限公司,鼎固-KY,14,17402969820,上市,建材營造,建材營造,14
2929,淘帝國際控股有限公司,淘帝-KY,18,1094938380,上市,貿易百貨,貿易百貨,18
2939,永邑國際集團股份有限公司,永邑-KY,18,455486650,上市,貿易百貨,貿易百貨,18
2945,三商家購股份有限公司,三商家購,18,675000000,上市,貿易百貨,貿易百貨,18
3002,歐格電子股份有限公司,歐格,25,1020000000,上市,電腦及週邊設備業,電腦及週邊設備業,25
3003,健和興端子股份有限公司,健和興,28,1556548900,上市,電子零組件業,電子零組件業,28
3004,豐達科技股份有限公司(原宏達),豐達科,10,553716550,上市,鋼鐵工業,鋼鐵工業,10
3005,神基控股股份有限公司,神基,25,6202159000,上市,電腦及週邊設備業,電腦及週邊設備業,25
3006,晶豪科技股份有限公司,晶豪科,24,2861722380,上市,半導體業,半導體業,24
3008,大立光電股份有限公司,大立光,26,1334681970,上市,光電業,光電業,26
3010,華立企業股份有限公司,華立,29,2594368170,上市,電子通路業,電子通路業,29
3011,今皓實業股份有限公司,今皓,28,1127192510,上市,電子零組件業,電子零組件業,28
3013,晟銘電子科技股份有限公司,晟銘電,25,2051389300,上市,電腦及週邊設備業,電腦及週邊設備業,25
3014,聯陽半導體股份有限公司,聯陽,24,1660351240,上市,半導體業,半導體業,24
3015,全漢企業股份有限公司,全漢,28,1872619500,上市,電子零組件業,電子零組件業,28
3016,嘉晶電子股份有限公司,嘉晶,24,2885418190,上市,半導體業,半導體業,24
3017,奇鋐科技股份有限公司,奇鋐,25,3881671570,上市,電腦及週邊設備業,電腦及週邊設備業,25
3018,隆銘綠能科技工程股份有限公司,隆銘綠能,31,730735660,上市,其他電子業,其他電子業,31
3019,亞洲光學股份有限公司,亞光,26,2792439010,上市,光電業,光電業,26
3021,鴻名企業股份有限公司,鴻名,28,958900000,上市,電子零組件業,電子零組件業,28
3022,威強電工業電腦股份有限公司,威強電,25,1765977900,上市,電腦及週邊設備業,電腦及週邊設備業,25
3023,信邦電子股份有限公司,信邦,28,2400690140,上市,電子零組件業,電子零組件業,28
3024,憶聲電子股份有限公司,憶聲,26,2771574960,上市,光電業,光電業,26
3025,星通資訊股份有限公司,星通,27,567364400,上市,通信網路業,通信網路業,27
3026,禾伸堂企業股份有限公司,禾伸堂,28,1658903180,上市,電子零組件業,電子零組件業,28
3027,盛達電業股份有限公司,盛達,27,1160040610,上市,通信網路業,通信網路業,27
3028,增你強股份有限公司,增你強,29,2372411930,上市,電子通路業,電子通路業,29
3029,零壹科技股份有限公司,零壹,30,1670052120,上市,資訊服務業,資訊服務業,30
3030,德律科技股份有限公司,德律,31,2362160000,上市,其他電子業,其他電子業,31
3031,佰鴻工業股份有限公司,佰鴻,26,1732032240,上市,光電業,光電業,26
3032,偉訓科技股份有限公司,偉訓,28,1132856260,上市,電子零組件業,電子零組件業,28
3033,威健實業股份有限公司,威健,29,4766941150,上市,電子通路業,電子通路業,29
3034,聯詠科技股份有限公司,聯詠,24,6085114690,上市,半導體業,半導體業,24
3035,智原科技股份有限公司,智原,24,2605503130,上市,半導體業,半導體業,24
3036,文曄科技股份有限公司,文曄,29,12562506510,上市,電子通路業,電子通路業,29
3037,欣興電子股份有限公司,欣興,28,15296761970,上市,電子零組件業,電子零組件業,28
3038,全台晶像股份有限公司,全台,26,1574076030,上市,光電業,光電業,26
3040,遠見科技股份有限公司,遠見,20,630000000,上市,其他,其他,20
3041,揚智科技股份有限公司,揚智,24,1402236470,上市,半導體業,半導體業,24
3042,台灣晶技股份有限公司,晶技,28,3429929710,上市,電子零組件業,電子零組件業,28
3043,科風股份有限公司,科風,31,389756340,上市,其他電子業,其他電子業,31
3044,健鼎科技股份有限公司,健鼎,28,5256058980,上市,電子零組件業,電子零組件業,28
3045,台灣大哥大股份有限公司,台灣大,27,37232618110,上市,通信網路業,通信網路業,27
3046,建股份有限公司,建,25,784480130,上市,電腦及週邊設備業,電腦及週邊設備業,25
3047,訊舟科技股份有限公司,訊舟,27,2237008580,上市,通信網路業,通信網路業,27
3048,益登科技股份有限公司,益登,29,2698297940,上市,電子通路業,電子通路業,29
3049,精金科技股份有限公司,精金,26,8020105290,上市,光電業,光電業,26
3050,鈺德科技股份有限公司,鈺德,26,1549844500,上市,光電業,光電業,26
3051,力特光電科技股份有限公司,力特,26,1670000000,上市,光電業,光電業,26
3052,夆典科技開發股份有限公司,夆典,14,2352457710,上市,建材營造,建材營造,14
3054,立萬利創新股份有限公司,立萬利,02,806510410,上市,食品工業,食品工業,02
3055,蔚華科技股份有限公司,蔚華科,29,1149749180,上市,電子通路業,電子通路業,29
3056,富華創新股份有限公司,富華新,14,3559667050,上市,建材營造,建材營造,14
3057,喬鼎資訊股份有限公司,喬鼎,25,926786680,上市,電腦及週邊設備業,電腦及週邊設備業,25
3058,立德電子股份有限公司,立德,28,2017227790,上市,電子零組件業,電子零組件業,28
3059,華晶科技股份有限公司,華晶科,26,3057470250,上市,光電業,光電業,26
3060,銘異科技股份有限公司,銘異,25,1375631900,上市,電腦及週邊設備業,電腦及週邊設備業,25
3062,建漢科技股份有限公司,建漢,27,3302994180,上市,通信網路業,通信網路業,27
3090,日電貿股份有限公司,日電貿,28,2125971500,上市,電子零組件業,電子零組件業,28
3092,鴻碩精密電工股份有限公司,鴻碩,28,1065520300,上市,電子零組件業,電子零組件業,28
3094,聯傑國際股份有限公司,聯傑,24,831170890,上市,半導體業,半導體業,24
3130,一零四資訊科技股份有限公司,一零四,36,331907000,上市,數位雲端,數位雲端,36
3138,耀登科技股份有限公司,耀登,27,503103630,上市,通信網路業,通信網路業,27
3149,正達國際光電股份有限公司,正達,26,2262336040,上市,光電業,光電業,26
3150,鈺寶科技股份有限公司,鈺寶-創,24,443770010,上市,半導體業,半導體業,24
3164,景岳生物科技股份有限公司,景岳,22,865113640,上市,生技醫療業,生技醫療業,22
3167,大量科技股份有限公司,大量,05,882527870,上市,電機機械,電機機械,05
3168,眾福科技股份有限公司,眾福科,26,780996490,上市,光電業,光電業,26
3189,景碩科技股份有限公司,景碩,24,4566071600,上市,半導體業,半導體業,24
3209,全科科技股份有限公司,全科,29,2345148730,上市,電子通路業,電子通路業,29
3229,晟鈦股份有限公司,晟鈦,28,642630000,上市,電子零組件業,電子零組件業,28
3231,緯創資通股份有限公司,緯創,25,28944350500,上市,電腦及週邊設備業,電腦及週邊設備業,25
3257,虹冠電子工業股份有限公司,虹冠電,24,798235900,上市,半導體業,半導體業,24
3266,昇陽建設企業股份有限公司,昇陽,14,3523143090,上市,建材營造,建材營造,14
3296,勝德國際研發股份有限公司,勝德,28,967244500,上市,電子零組件業,電子零組件業,28
3305,昇貿科技股份有限公司,昇貿,31,1342374740,上市,其他電子業,其他電子業,31
3308,聯德電子股份有限公司,聯德,28,600000000,上市,電子零組件業,電子零組件業,28
3311,閎暉實業股份有限公司,閎暉,27,680000000,上市,通信網路業,通信網路業,27
3312,弘憶國際股份有限公司,弘憶股,29,1626254550,上市,電子通路業,電子通路業,29
3321,同泰電子科技股份有限公司,同泰,28,971597930,上市,電子零組件業,電子零組件業,28
3338,泰碩電子股份有限公司,泰碩,28,879081410,上市,電子零組件業,電子零組件業,28
3346,麗清科技股份有限公司,麗清,12,1212283520,上市,汽車工業,--,12
3356,奇偶科技股份有限公司,奇偶,26,799416720,上市,光電業,光電業,26
3376,新日興股份有限公司,新日興,28,1957638220,上市,電子零組件業,電子零組件業,28
3380,明泰科技股份有限公司,明泰,27,5417184600,上市,通信網路業,通信網路業,27
3406,玉晶光電股份有限公司,玉晶光,26,1127430630,上市,光電業,光電業,26
3413,京鼎精密科技股份有限公司,京鼎,24,1080229070,上市,半導體業,半導體業,24
3416,融程電訊股份有限公司,融程電,25,797465020,上市,電腦及週邊設備業,電腦及週邊設備業,25
3419,譁裕實業股份有限公司,譁裕,27,1204804170,上市,通信網路業,通信網路業,27
3432,台端興業股份有限公司,台端,28,422300000,上市,電子零組件業,電子零組件業,28
3437,榮創能源科技股份有限公司,榮創,26,1445480000,上市,光電業,光電業,26
3443,創意電子股份有限公司,創意,24,1340119110,上市,半導體業,半導體業,24
3447,展達通訊股份有限公司,展達,27,773311200,上市,通信網路業,通信網路業,27
3450,聯鈞光電股份有限公司,聯鈞,24,1456813820,上市,半導體業,半導體業,24
3454,晶睿通訊股份有限公司,晶睿,26,865678930,上市,光電業,光電業,26
3481,群創光電股份有限公司,群創,26,79891973370,上市,光電業,光電業,26
3494,誠研科技股份有限公司,誠研,25,948000000,上市,電腦及週邊設備業,電腦及週邊設備業,25
3501,維熹科技股份有限公司,維熹,28,1182579270,上市,電子零組件業,電子零組件業,28
3504,揚明光學股份有限公司,揚明光,26,1140597850,上市,光電業,光電業,26
3515,華擎科技股份有限公司,華擎,25,1235741290,上市,電腦及週邊設備業,電腦及週邊設備業,25
3518,柏騰科技股份有限公司,柏騰,31,969622300,上市,其他電子業,其他電子業,31
3528,安馳科技股份有限公司,安馳,29,666392160,上市,電子通路業,電子通路業,29
3530,晶相光電股份有限公司,晶相光,24,774759000,上市,半導體業,半導體業,24
3532,台塑勝高科技股份有限公司,台勝科,24,3878483000,上市,半導體業,半導體業,24
3533,嘉澤端子工業股份有限公司,嘉澤,28,1125346910,上市,電子零組件業,電子零組件業,28
3535,晶彩科技股份有限公司,晶彩科,26,790523560,上市,光電業,光電業,26
3543,州巧科技股份有限公司,州巧,26,892631500,上市,光電業,光電業,26
3545,敦泰電子股份有限公司,敦泰,24,2212798810,上市,半導體業,半導體業,24
3550,聯穎科技股份有限公司,聯穎,28,875500000,上市,電子零組件業,電子零組件業,28
3557,嘉威生活股份有限公司,嘉威,38,803004150,上市,居家生活,居家生活,38
3563,牧德科技股份有限公司,牧德,26,581462340,上市,光電業,光電業,26
3576,聯合再生能源股份有限公司,聯合再生,26,16277953750,上市,光電業,光電業,26
3583,辛耘企業股份有限公司,辛耘,24,803280000,上市,半導體業,半導體業,24
3588,通嘉科技股份有限公司,通嘉,24,604256000,上市,半導體業,半導體業,24
3591,艾笛森光電股份有限公司,艾笛森,26,1456094350,上市,光電業,光電業,26
3592,瑞鼎科技股份有限公司,瑞鼎,24,758552260,上市,半導體業,半導體業,24
3593,力銘科技股份有限公司,力銘,28,930424160,上市,電子零組件業,電子零組件業,28
3596,智易科技股份有限公司,智易,27,2203543210,上市,通信網路業,通信網路業,27
3605,宏致電子股份有限公司,宏致,28,1487117510,上市,電子零組件業,電子零組件業,28
3607,谷崧精密工業股份有限公司,谷崧,28,1216622390,上市,電子零組件業,電子零組件業,28
3617,碩天科技股份有限公司,碩天,31,941660490,上市,其他電子業,其他電子業,31
3622,洋華光電股份有限公司,洋華,26,1513276000,上市,光電業,光電業,26
3645,達邁科技股份有限公司,達邁,28,1367542070,上市,電子零組件業,電子零組件業,28
3652,精聯電子股份有限公司,精聯,25,750975000,上市,電腦及週邊設備業,電腦及週邊設備業,25
3653,健策精密工業股份有限公司,健策,28,1429220050,上市,電子零組件業,電子零組件業,28
3661,世芯電子股份有限公司,世芯-KY,24,808556950,上市,半導體業,半導體業,24
3665,貿聯控股(BizLink Holding Inc.),貿聯-KY,31,1900831930,上市,其他電子業,其他電子業,31
3669,圓展科技股份有限公司,圓展,27,929199500,上市,通信網路業,通信網路業,27
3673,TPK Holding Co., Ltd.,KY 開曼群島                                                    ,新台幣                 10.0000元,上市,,,
3679,新至陞科技股份有限公司,新至陞,28,630222290,上市,電子零組件業,電子零組件業,28
3686,達能科技股份有限公司,達能,24,764951180,上市,半導體業,半導體業,24
3694,海華科技股份有限公司,海華,27,1549792080,上市,通信網路業,通信網路業,27
3701,大眾全球投資控股股份有限公司,大眾控,25,2365266120,上市,電腦及週邊設備業,電腦及週邊設備業,25
3702,大聯大控股股份有限公司,大聯大,29,16790568330,上市,電子通路業,電子通路業,29
3703,欣陸投資控股股份有限公司,欣陸,14,8232159800,上市,建材營造,建材營造,14
3704,合勤投資控股股份有限公司,合勤控,27,4118539220,上市,通信網路業,通信網路業,27
3705,永信國際投資控股股份有限公司,永信,22,2664229830,上市,生技醫療業,生技醫療業,22
3706,神達控股股份有限公司,神達,25,12065567890,上市,電腦及週邊設備業,電腦及週邊設備業,25
3708,上緯國際投資控股股份有限公司,上緯投控,35,1103376890,上市,綠能環保,綠能環保,35
3711,日月光投資控股股份有限公司,日月光投控,24,44189956320,上市,半導體業,半導體業,24
3712,永崴投資控股股份有限公司,永崴投控,25,2462421460,上市,電腦及週邊設備業,電腦及週邊設備業,25
3714,富采投資控股股份有限公司,富采,26,7379404600,上市,光電業,光電業,26
3715,定穎投資控股股份有限公司,定穎投控,28,2776745840,上市,電子零組件業,電子零組件業,28
3716,中化投資控股股份有限公司,中化控股,22,1490405400,上市,生技醫療業,生技醫療業,22
4104,佳醫健康事業股份有限公司,佳醫,22,1633975770,上市,生技醫療業,生技醫療業,22
4106,雃博股份有限公司,雃博,22,1009115570,上市,生技醫療業,生技醫療業,22
4108,懷特生技新藥股份有限公司,懷特,22,1986188790,上市,生技醫療業,生技醫療業,22
4119,旭富製藥科技股份有限公司,旭富,22,1195086340,上市,生技醫療業,生技醫療業,22
4133,亞諾法生技股份有限公司,亞諾法,22,605535940,上市,生技醫療業,生技醫療業,22
4137,麗豐股份有限公司,麗豐-KY,22,824923500,上市,生技醫療業,生技醫療業,22
4142,國光生物科技股份有限公司,國光生,22,4295077500,上市,生技醫療業,生技醫療業,22
4148,全宇生技控股有限公司,全宇生技-KY,22,640340010,上市,生技醫療業,生技醫療業,22
4155,訊映光電股份有限公司,訊映,22,1470591640,上市,生技醫療業,生技醫療業,22
4164,承業生醫投資控股股份有限公司,承業醫,22,1846488710,上市,生技醫療業,生技醫療業,22
4190,佐登妮絲集團股份有限公司,佐登-KY,22,20100621,上市,生技醫療業,生技醫療業,22
4306,炎洲股份有限公司,炎洲,03,6792084670,上市,塑膠工業,塑膠工業,03
4414,如興股份有限公司,如興,04,2201157730,上市,紡織纖維,紡織纖維,04
4426,利勤實業股份有限公司,利勤,04,1726771980,上市,紡織纖維,紡織纖維,04
4438,廣越企業股份有限公司,廣越,04,1034254550,上市,紡織纖維,紡織纖維,04
4439,冠星集團控股有限公司,冠星-KY,04,380358000,上市,紡織纖維,紡織纖維,04
4440,宜新實業股份有限公司,宜新實業,04,675980000,上市,紡織纖維,紡織纖維,04
4526,東台精機股份有限公司,東台,05,2548264610,上市,電機機械,電機機械,05
4532,瑞智精密股份有限公司,瑞智,05,5049151050,上市,電機機械,電機機械,05
4536,拓凱實業股份有限公司,拓凱,37,908200000,上市,運動休閒,運動休閒,37
4540,全球傳動科技股份有限公司,全球傳動,05,1121404570,上市,電機機械,電機機械,05
4545,銘鈺精密工業股份有限公司,銘鈺,28,770000000,上市,電子零組件業,電子零組件業,28
4551,智伸科技股份有限公司,智伸科,12,1152224980,上市,汽車工業,--,12
4552,力達控股有限公司,力達-KY,05,1160000000,上市,電機機械,電機機械,05
4555,台灣氣立股份有限公司,氣立,05,699840370,上市,電機機械,電機機械,05
4557,永新控股股份有限公司,永新-KY,12,479718400,上市,汽車工業,--,12
4560,強信機械科技股份有限公司,強信-KY,05,680972400,上市,電機機械,電機機械,05
4562,穎漢科技股份有限公司,穎漢,05,875460000,上市,電機機械,電機機械,05
4564,元翎精密工業股份有限公司,元翎,05,2327883030,上市,電機機械,電機機械,05
4566,時碩工業股份有限公司,時碩工業,05,1098097260,上市,電機機械,電機機械,05
4569,六方科技股份有限公司,六方科-KY,12,310000000,上市,汽車工業,--,12
4571,鈞興機電國際股份有限公司,鈞興-KY,05,530171150,上市,電機機械,電機機械,05
4572,駐龍精密機械股份有限公司,駐龍,05,390000000,上市,電機機械,電機機械,05
4576,大銀微系統股份有限公司,大銀微系統,05,1198018480,上市,電機機械,電機機械,05
4581,World Known MFG(Cayman)Limited,光隆精密-KY,12,338990000,上市,汽車工業,--,12
4583,台灣精銳科技股份有限公司,台灣精銳,05,801713510,上市,電機機械,電機機械,05
4588,玖鼎電力資訊股份有限公司,玖鼎電力,31,429850000,上市,其他電子業,其他電子業,31
4720,德淵企業股份有限公司,德淵,21,1145160370,上市,化學工業,化學工業,21
4722,國精化學股份有限公司,國精化,21,1003111590,上市,化學工業,化學工業,21
4736,泰博科技股份有限公司,泰博,22,953744690,上市,生技醫療業,生技醫療業,22
4737,華廣生技股份有限公司,華廣,22,610883940,上市,生技醫療業,生技醫療業,22
4739,康普材料科技股份有限公司,康普,21,1186492690,上市,化學工業,化學工業,21
4746,台耀化學股份有限公司,台耀,22,1202559630,上市,生技醫療業,生技醫療業,22
4755,三福化工股份有限公司,三福化,21,1007060000,上市,化學工業,化學工業,21
4763,濟南大自然新材料股份有限公司,材料-KY,21,989146670,上市,化學工業,化學工業,21
4764,雙鍵化工股份有限公司,雙鍵,21,855420620,上市,化學工業,化學工業,21
4766,南寶樹脂化學工廠股份有限公司,南寶,21,1205707800,上市,化學工業,化學工業,21
4770,上品綜合工業股份有限公司,上品,21,799760000,上市,化學工業,化學工業,21
4771,望隼科技股份有限公司,望隼,22,580447000,上市,生技醫療業,生技醫療業,22
4807,日成控股股份有限公司,日成-KY,18,20170626,上市,貿易百貨,貿易百貨,18
4904,遠傳電信股份有限公司,遠傳,27,36057053570,上市,通信網路業,通信網路業,27
4906,正文科技股份有限公司,正文,27,4277416040,上市,通信網路業,通信網路業,27
4912,聯德控股股份有限公司,聯德控股-KY,28,621934270,上市,電子零組件業,電子零組件業,28
4915,致伸科技股份有限公司,致伸,28,4672538240,上市,電子零組件業,電子零組件業,28
4916,事欣科技股份有限公司,事欣科,25,1050338840,上市,電腦及週邊設備業,電腦及週邊設備業,25
4919,新唐科技股份有限公司,新唐,24,4197652680,上市,半導體業,半導體業,24
4927,泰鼎國際股份有限公司,泰鼎-KY,28,2199379880,上市,電子零組件業,電子零組件業,28
4930,燦星網通股份有限公司,燦星網,06,800000000,上市,電器電纜,電器電纜,06
4934,太極能源科技股份有限公司,太極,26,2250000000,上市,光電業,光電業,26
4935,茂林光電科技(開曼)股份有限公司,茂林-KY,26,1288640910,上市,光電業,光電業,26
4938,和碩聯合科技股份有限公司,和碩,25,26631576030,上市,電腦及週邊設備業,電腦及週邊設備業,25
4942,嘉彰股份有限公司,嘉彰,26,1423676130,上市,光電業,光電業,26
4943,開曼康而富控股股份有限公司,康控-KY,28,1240943530,上市,電子零組件業,電子零組件業,28
4949,有成精密股份有限公司,有成精密,26,670240430,上市,光電業,光電業,26
4952,凌通科技股份有限公司,凌通,24,1088158160,上市,半導體業,半導體業,24
4956,光鋐科技股份有限公司,光鋐,26,1004082360,上市,光電業,光電業,26
4958,臻鼎科技控股股份有限公司,臻鼎-KY,28,9566525090,上市,電子零組件業,電子零組件業,28
4960,誠美材料科技股份有限公司,誠美材,26,5717053880,上市,光電業,光電業,26
4961,天鈺科技股份有限公司,天鈺,24,1212544530,上市,半導體業,半導體業,24
4967,十銓科技股份有限公司,十銓,24,849632880,上市,半導體業,半導體業,24
4968,立積電子股份有限公司,立積,24,918970910,上市,半導體業,半導體業,24
4976,佳凌科技股份有限公司,佳凌,26,1414080000,上市,光電業,光電業,26
4977,眾達科技股份有限公司,眾達-KY,27,(02)27006650,上市,通信網路業,通信網路業,27
4989,李長榮科技股份有限公司,榮科,28,1377765000,上市,電子零組件業,電子零組件業,28
4994,傳奇網路遊戲股份有限公司,傳奇,30,663834000,上市,資訊服務業,資訊服務業,30
4999,鑫禾科技股份有限公司,鑫禾,28,744172000,上市,電子零組件業,電子零組件業,28
5007,三星科技股份有限公司,三星,10,2949401540,上市,鋼鐵工業,鋼鐵工業,10
5203,訊連科技股份有限公司,訊連,30,790988000,上市,資訊服務業,資訊服務業,30
5215,科嘉(開曼)股份有限公司,科嘉-KY,25,643375000,上市,電腦及週邊設備業,電腦及週邊設備業,25
5222,全訊科技股份有限公司,全訊,24,815154260,上市,半導體業,半導體業,24
5225,東科控股股份有限公司,東科-KY,31,20121105,上市,其他電子業,其他電子業,31
5234,達興材料股份有限公司,達興材料,26,1027159110,上市,光電業,光電業,26
5243,乙盛精密工業股份有限公司,乙盛-KY,26,1685289150,上市,光電業,光電業,26
5244,弘凱光電股份有限公司,弘凱,26,682375520,上市,光電業,光電業,26
5258,虹堡科技股份有限公司,虹堡,25,1103648940,上市,電腦及週邊設備業,電腦及週邊設備業,25
5269,祥碩科技股份有限公司,祥碩,24,746622450,上市,半導體業,半導體業,24
5283,禾聯碩股份有限公司,禾聯碩,06,730004250,上市,電器電纜,電器電纜,06
5284,經寶精密控股股份有限公司,jpp-KY,20,509288600,上市,其他,其他,20
5285,界霖科技股份有限公司,界霖,24,1020409260,上市,半導體業,半導體業,24
5288,開曼商豐祥控股股份有限公司,豐祥-KY,05,691480150,上市,電機機械,電機機械,05
5292,華懋科技股份有限公司,華懋,35,382800000,上市,綠能環保,綠能環保,35
5306,桂盟國際股份有限公司,桂盟,37,1260007720,上市,運動休閒,運動休閒,37
5388,中磊電子股份有限公司,中磊,27,3000495420,上市,通信網路業,通信網路業,27
5434,崇越科技股份有限公司,崇越,29,1913322750,上市,電子通路業,電子通路業,29
5469,瀚宇博德股份有限公司,瀚宇博,28,4861660000,上市,電子零組件業,電子零組件業,28
5471,松翰科技股份有限公司,松翰,24,1678770620,上市,半導體業,半導體業,24
5484,慧友電子股份有限公司,慧友,26,668010000,上市,光電業,光電業,26
5515,建國工程股份有限公司,建國,14,2016000840,上市,建材營造,建材營造,14
5519,隆大營建事業股份有限公司,隆大,14,2191971800,上市,建材營造,建材營造,14
5521,工信工程股份有限公司,工信,14,4922801550,上市,建材營造,建材營造,14
5522,遠雄建設事業股份有限公司,遠雄,14,7815962410,上市,建材營造,建材營造,14
5525,順天建設股份有限公司,順天,14,2972947460,上市,建材營造,建材營造,14
5531,鄉林建設事業股份有限公司,鄉林,14,10775892450,上市,建材營造,建材營造,14
5533,皇鼎建設開發股份有限公司,皇鼎,14,2852449440,上市,建材營造,建材營造,14
5534,長虹建設股份有限公司,長虹,14,2903259600,上市,建材營造,建材營造,14
5538,開曼東明控股股份有限公司,東明-KY,10,2012033330,上市,鋼鐵工業,鋼鐵工業,10
5546,永固集團股份有限公司,永固-KY,14,823534020,上市,建材營造,建材營造,14
5607,遠雄自貿港投資控股股份有限公司,遠雄港,15,3632871700,上市,航運業,航運業,15
5608,四維航業股份有限公司,四維航,15,3892716140,上市,航運業,航運業,15
5706,鳳凰國際旅行社股份有限公司,鳳凰,16,808675430,上市,觀光事業,觀光事業,16
5871,中租控股股份有限公司,中租-KY,20,18278638840,上市,其他,其他,20
5876,上海商業儲蓄銀行股份有限公司,上海商銀,17,48616031400,上市,金融保險,金融業,17
5880,合作金庫金融控股股份有限公司,合庫金,17,新台幣                 10.0000元,上市,金融保險,金融業,17
5906,台南生活(開曼)股份有限公司,台南-KY,18,350406000,上市,貿易百貨,貿易百貨,18
5907,Grand Ocean RetailGroupLimited,大洋-KY,18,1955310000,上市,貿易百貨,貿易百貨,18
6005,群益金鼎證券股份有限公司,群益證,17,21709080970,上市,金融保險,金融業,17
6024,群益期貨股份有限公司,群益期,17,2499375840,上市,金融保險,金融業,17
6108,競國實業股份有限公司,競國,28,1569943110,上市,電子零組件業,電子零組件業,28
6112,邁達特數位股份有限公司,邁達特,30,1883573360,上市,資訊服務業,資訊服務業,30
6115,鎰勝工業股份有限公司,鎰勝,28,1876621540,上市,電子零組件業,電子零組件業,28
6116,瀚宇彩晶股份有限公司,彩晶,26,29403288510,上市,光電業,光電業,26
6117,迎廣科技股份有限公司,迎廣,25,915166150,上市,電腦及週邊設備業,電腦及週邊設備業,25
6120,達運精密工業股份有限公司,達運,26,6655551140,上市,光電業,光電業,26
6128,上福全球科技股份有限公司,上福,25,1275887400,上市,電腦及週邊設備業,電腦及週邊設備業,25
6133,金橋科技股份有限公司,金橋,28,1170062940,上市,電子零組件業,電子零組件業,28
6136,富爾特科技股份有限公司,富爾特,27,1155364120,上市,通信網路業,通信網路業,27
6139,亞翔工程股份有限公司,亞翔,31,2333190580,上市,其他電子業,其他電子業,31
6141,柏承科技股份有限公司,柏承,28,1133540050,上市,電子零組件業,電子零組件業,28
6142,友勁科技股份有限公司,友勁,27,3307792150,上市,通信網路業,通信網路業,27
6152,百一電子股份有限公司,百一,27,1677384630,上市,通信網路業,通信網路業,27
6153,嘉聯益科技股份有限公司,嘉聯益,28,6381776940,上市,電子零組件業,電子零組件業,28
6155,鈞寶電子工業股份有限公司,鈞寶,28,878113450,上市,電子零組件業,電子零組件業,28
6164,華興電子工業股份有限公司,華興,26,800000000,上市,光電業,光電業,26
6165,浪凡網路科技股份有限公司,浪凡,36,777526230,上市,數位雲端,數位雲端,36
6166,凌華科技股份有限公司,凌華,25,2174972570,上市,電腦及週邊設備業,電腦及週邊設備業,25
6168,宏齊科技股份有限公司,宏齊,26,2060698010,上市,光電業,光電業,26
6176,瑞儀光電股份有限公司,瑞儀,26,4650272630,上市,光電業,光電業,26
6177,達麗建設事業股份有限公司,達麗,14,4488528110,上市,建材營造,建材營造,14
6183,關貿網路股份有限公司,關貿,30,1500000000,上市,資訊服務業,資訊服務業,30
6184,大豐有線電視股份有限公司,大豐電,20,1585487420,上市,其他,其他,20
6189,豐藝電子股份有限公司,豐藝,29,2187409070,上市,電子通路業,電子通路業,29
6191,精成科技股份有限公司,精成科,28,4743030000,上市,電子零組件業,電子零組件業,28
6192,巨路國際股份有限公司,巨路,31,961557700,上市,其他電子業,其他電子業,31
6196,帆宣系統科技股份有限公司,帆宣,31,2022044800,上市,其他電子業,其他電子業,31
6197,佳必琪國際股份有限公司,佳必琪,28,1220858820,上市,電子零組件業,電子零組件業,28
6201,亞弘電科技股份有限公司,亞弘電,31,892000000,上市,其他電子業,其他電子業,31
6202,盛群半導體股份有限公司,盛群,24,2261682000,上市,半導體業,半導體業,24
6205,詮欣股份有限公司,詮欣,28,822359070,上市,電子零組件業,電子零組件業,28
6206,飛捷科技股份有限公司,飛捷,25,1430623240,上市,電腦及週邊設備業,電腦及週邊設備業,25
6209,今國光學工業股份有限公司,今國光,26,1744241710,上市,光電業,光電業,26
6213,聯茂電子股份有限公司,聯茂,28,3629572180,上市,電子零組件業,電子零組件業,28
6214,精誠資訊股份有限公司,精誠,30,2722430660,上市,資訊服務業,資訊服務業,30
6215,和椿科技股份有限公司,和椿,31,827896930,上市,其他電子業,其他電子業,31
6216,居易科技股份有限公司,居易,27,955833870,上市,通信網路業,通信網路業,27
6224,聚鼎科技股份有限公司,聚鼎,28,856453610,上市,電子零組件業,電子零組件業,28
6225,天瀚科技股份有限公司,天瀚,26,278000000,上市,光電業,光電業,26
6226,光鼎電子股份有限公司,光鼎,26,1155347890,上市,光電業,光電業,26
6230,尼得科超眾科技股份有限公司,尼得科超眾,25,863433960,上市,電腦及週邊設備業,電腦及週邊設備業,25
6235,華孚科技股份有限公司,華孚,25,1999063060,上市,電腦及週邊設備業,電腦及週邊設備業,25
6239,力成科技股份有限公司,力成,24,7591466340,上市,半導體業,半導體業,24
6243,迅杰科技股份有限公司,迅杰,24,452688410,上市,半導體業,半導體業,24
6257,矽格股份有限公司,矽格,24,4839123250,上市,半導體業,半導體業,24
6269,台郡科技股份有限公司,台郡,28,3231679810,上市,電子零組件業,電子零組件業,28
6271,同欣電子工業股份有限公司,同欣電,24,2090580240,上市,半導體業,半導體業,24
6277,宏正自動科技股份有限公司,宏正,25,1194711660,上市,電腦及週邊設備業,電腦及週邊設備業,25
6278,台灣表面黏著科技股份有限公司,台表科,26,2923983530,上市,光電業,光電業,26
6281,全國電子股份有限公司,全國電,29,991729450,上市,電子通路業,電子通路業,29
6282,康舒科技股份有限公司,康舒,28,8586371250,上市,電子零組件業,電子零組件業,28
6283,淳安電子股份有限公司,淳安,31,1479063430,上市,其他電子業,其他電子業,31
6285,啟科技股份有限公司,啟,27,4841552990,上市,通信網路業,通信網路業,27
6288,聯嘉光電股份有限公司,聯嘉,12,2078454450,上市,汽車工業,--,12
6405,悅城科技股份有限公司,悅城,26,658000000,上市,光電業,光電業,26
6409,旭隼科技股份有限公司,旭隼,31,877155670,上市,其他電子業,其他電子業,31
6412,群光電能科技股份有限公司,群電,28,4007691260,上市,電子零組件業,電子零組件業,28
6414,樺漢科技股份有限公司,樺漢,25,1375397200,上市,電腦及週邊設備業,電腦及週邊設備業,25
6415,矽力杰股份有限公司,矽力*-KY,24,968680483,上市,半導體業,半導體業,24
6416,瑞祺電通股份有限公司,瑞祺電通,27,733484600,上市,通信網路業,通信網路業,27
6423,億而得微電子股份有限公司,億而得-創,24,294260000,上市,半導體業,半導體業,24
6426,統新光訊股份有限公司,統新,27,385090000,上市,通信網路業,通信網路業,27
6431,光麗生技控股股份有限公司,光麗-KY,22,新台幣                 10.0000元,上市,生技醫療業,生技醫療業,22
6438,迅得機械股份有限公司,迅得,31,822063250,上市,其他電子業,其他電子業,31
6442,光紅建聖股份有限公司,光聖,27,新台幣                 10.0000元,上市,通信網路業,通信網路業,27
6443,元晶太陽能科技股份有限公司,元晶,26,5386914660,上市,光電業,光電業,26
6446,藥華醫藥股份有限公司,藥華藥,22,3421701410,上市,生技醫療業,生技醫療業,22
6449,鈺邦科技股份有限公司,鈺邦,28,919535140,上市,電子零組件業,電子零組件業,28
6451,訊芯科技控股股份有限公司,訊芯-KY,24,1074648000,上市,半導體業,半導體業,24
6456,GIS Holding Limited,GIS-KY,26,3379398000,上市,光電業,光電業,26
6464,台灣數位光訊科技股份有限公司,台數科,20,1256131380,上市,其他,其他,20
6472,保瑞藥業股份有限公司,保瑞,22,1037173950,上市,生技醫療業,生技醫療業,22
6477,安集科技股份有限公司,安集,26,1237871960,上市,光電業,光電業,26
6491,晶碩光學股份有限公司,晶碩,22,780000000,上市,生技醫療業,生技醫療業,22
6504,南六企業股份有限公司,南六,20,726000000,上市,其他,其他,20
6505,台塑石化股份有限公司,台塑化,23,95259596520,上市,油電燃氣業,油電燃氣業,23
6515,穎崴科技股份有限公司,穎崴,24,358501260,上市,半導體業,半導體業,24
6525,捷敏股份有限公司,捷敏-KY,24,1290473840,上市,半導體業,半導體業,24
6526,達發科技股份有限公司,達發,24,1675055540,上市,半導體業,半導體業,24
6531,愛普科技股份有限公司,愛普*,24,812461160,上市,半導體業,半導體業,24
6533,晶心科技股份有限公司,晶心科,24,506509110,上市,半導體業,半導體業,24
6534,正瀚生技股份有限公司,正瀚-創,22,1028000000,上市,生技醫療業,生技醫療業,22
6541,泰福生技股份有限公司,泰福-KY,22,20130508,上市,生技醫療業,生技醫療業,22
6550,北極星藥業集團股份有限公司,北極星藥業-KY,22,02-2656-2727,上市,生技醫療業,生技醫療業,22
6552,易華電子股份有限公司,易華電,24,830000000,上市,半導體業,半導體業,24
6558,興能高科技股份有限公司,興能高,31,937888750,上市,其他電子業,其他電子業,31
6573,虹揚發展科技股份有限公司,虹揚-KY,24,804993450,上市,半導體業,半導體業,24
6579,研揚科技股份有限公司,研揚,25,1694512210,上市,電腦及週邊設備業,電腦及週邊設備業,25
6581,台灣鋼聯股份有限公司,鋼聯,35,1112708870,上市,綠能環保,綠能環保,35
6582,申豐特用應材股份有限公司,申豐,11,1061741410,上市,橡膠工業,橡膠工業,11
6585,鼎基先進材料股份有限公司,鼎基,20,714506690,上市,其他,其他,20
6591,動力科技股份有限公司,動力-KY,25,378992070,上市,電腦及週邊設備業,電腦及週邊設備業,25
6592,和潤企業股份有限公司,和潤企業,20,7231504930,上市,其他,其他,20
6598,Applied BioCode Corporation,ABC-KY,22,1027875610,上市,生技醫療業,生技醫療業,22
6605,帝寶工業股份有限公司,帝寶,12,1658163970,上市,汽車工業,--,12
6606,建德工業股份有限公司,建德工業,05,1103037830,上市,電機機械,電機機械,05
6625,必應創造股份有限公司,必應,20,579724880,上市,其他,其他,20
6641,基士德科技股份有限公司,基士德-KY,35,20180921,上市,綠能環保,綠能環保,35
6645,金萬林企業股份有限公司,金萬林-創,22,608640500,上市,生技醫療業,生技醫療業,22
6655,科定企業股份有限公司,科定,20,805718170,上市,其他,其他,20
6657,華安醫學股份有限公司,華安,22,886580000,上市,生技醫療業,生技醫療業,22
6658,聯策科技股份有限公司,聯策,31,363700000,上市,其他電子業,其他電子業,31
6666,羅麗芬控股股份有限公司,羅麗芬-KY,22,473880000,上市,生技醫療業,生技醫療業,22
6668,中揚光電股份有限公司,中揚光,26,967560870,上市,光電業,光電業,26
6669,緯穎科技服務股份有限公司,緯穎,25,1858407910,上市,電腦及週邊設備業,電腦及週邊設備業,25
6670,復盛應用科技股份有限公司,復盛應用,37,1393869730,上市,運動休閒,運動休閒,37
6671,三能集團控股股份有限公司,三能-KY,38,607500000,上市,居家生活,居家生活,38
6672,騰輝電子國際集團股份有限公司,騰輝電子-KY,28,714347450,上市,電子零組件業,電子零組件業,28
6674,鋐寶科技股份有限公司,鋐寶科技,27,673356590,上市,通信網路業,通信網路業,27
6689,伊雲谷數位科技股份有限公司,伊雲谷,36,680000000,上市,數位雲端,數位雲端,36
6691,洋基工程股份有限公司,洋基工程,31,1057571380,上市,其他電子業,其他電子業,31
6695,芯鼎科技股份有限公司,芯鼎,24,965097500,上市,半導體業,半導體業,24
6698,旭暉應用材料股份有限公司,旭暉應材,31,663897530,上市,其他電子業,其他電子業,31
6706,惠特科技股份有限公司,惠特,26,785688650,上市,光電業,光電業,26
6715,嘉基科技股份有限公司,嘉基,28,663689050,上市,電子零組件業,電子零組件業,28
6719,力智電子股份有限公司,力智,24,1053752890,上市,半導體業,半導體業,24
6742,澤米科技股份有限公司,澤米,26,712679480,上市,光電業,光電業,26
6743,安普新股份有限公司,安普新,31,1500000000,上市,其他電子業,其他電子業,31
6753,龍德造船工業股份有限公司,龍德造船,15,1131375000,上市,航運業,航運業,15
6754,匯僑室內裝修設計股份有限公司,匯僑設計,38,660000000,上市,居家生活,居家生活,38
6756,威鋒電子股份有限公司,威鋒電子,24,698680000,上市,半導體業,半導體業,24
6757,台灣虎航股份有限公司,台灣虎航,15,4595300000,上市,航運業,航運業,15
6768,志強國際企業股份有限公司,志強-KY,37,2000950610,上市,運動休閒,運動休閒,37
6770,力晶積成電子製造股份有限公司,力積電,24,41880648010,上市,半導體業,半導體業,24
6771,平和環保科技股份有限公司,平和環保-創,35,311795000,上市,綠能環保,綠能環保,35
6776,展國際股份有限公司,展國際,29,815814300,上市,電子通路業,電子通路業,29
6781,AES Holding Co., Ltd.,KY 開曼群島                                                    ,新台幣                 10.0000元,上市,,,
6782,視陽光學股份有限公司,視陽,22,630000000,上市,生技醫療業,生技醫療業,22
6789,采鈺科技股份有限公司,采鈺,24,3175281190,上市,半導體業,半導體業,24
6790,永豐餘消費品實業股份有限公司,永豐實,09,2671290210,上市,造紙工業,--,09
6792,詠業科技股份有限公司,詠業,27,478753250,上市,通信網路業,通信網路業,27
6794,向榮生醫科技股份有限公司,向榮生技-創,22,606790000,上市,生技醫療業,生技醫療業,22
6796,晉弘科技股份有限公司,晉弘,22,347581550,上市,生技醫療業,生技醫療業,22
6799,來頡科技股份有限公司,來頡,24,430591330,上市,半導體業,半導體業,24
6805,富世達股份有限公司,富世達,28,685538960,上市,電子零組件業,電子零組件業,28
6806,森崴能源股份有限公司,森崴能源,35,2746429020,上市,綠能環保,綠能環保,35
6807,峰源集團股份有限公司,峰源-KY,38,20220425,上市,居家生活,居家生活,38
6830,汎銓科技股份有限公司,汎銓,31,517818460,上市,其他電子業,其他電子業,31
6834,天二科技股份有限公司,天二科技,28,884710820,上市,電子零組件業,電子零組件業,28
6835,圓裕企業股份有限公司,圓裕,28,661722970,上市,電子零組件業,電子零組件業,28
6838,台新藥股份有限公司,台新藥,22,1509771000,上市,生技醫療業,生技醫療業,22
6854,PlayNitride Inc.,錼創科技-KY創,24,1176786220,上市,半導體業,半導體業,24
6861,睿生光電股份有限公司,睿生光電,22,415316500,上市,生技醫療業,生技醫療業,22
6862,三集瑞科技國際集團股份有限公司,三集瑞-KY,28,500000000,上市,電子零組件業,電子零組件業,28
6863,Arizon RFID Technology,永道-KY,27,20230321,上市,通信網路業,通信網路業,27
6869,雲豹能源科技股份有限公司,雲豹能源,35,1378300410,上市,綠能環保,綠能環保,35
6873,泓德能源科技股份有限公司,泓德能源,35,1220240400,上市,綠能環保,綠能環保,35
6885,全福生物科技股份有限公司,全福生技,22,1323100000,上市,生技醫療業,生技醫療業,22
6887,寶綠特資源再生工程股份有限公司,寶綠特-KY,35,741165120,上市,綠能環保,綠能環保,35
6890,來億興業股份有限公司,來億-KY,37,2494000000,上市,運動休閒,運動休閒,37
6901,鑽石生技投資股份有限公司,鑽石投資,20,8518000000,上市,其他,其他,20
6902,走著瞧股份有限公司,GOGOLOOK,36,353566380,上市,數位雲端,數位雲端,36
6906,現觀科技股份有限公司,現觀科,36,335374000,上市,數位雲端,數位雲端,36
6909,創控科技股份有限公司,創控,24,610927000,上市,半導體業,半導體業,24
6914,阜爾運通股份有限公司,阜爾運通,20,662260000,上市,其他,其他,20
6916,華凌光電股份有限公司,華凌,26,675000000,上市,光電業,光電業,26
6918,愛派司生技股份有限公司,愛派司,22,304710000,上市,生技醫療業,生技醫療業,22
6919,康霈生技股份有限公司,康霈*,22,775508930,上市,生技醫療業,生技醫療業,22
6923,中台資源科技股份有限公司,中台,35,918880000,上市,綠能環保,綠能環保,35
6924,榮惠集團(開曼)股份有限公司,榮惠-KY創,28,208500000,上市,電子零組件業,電子零組件業,28
6928,攸泰科技股份有限公司,攸泰科技,25,860000000,上市,電腦及週邊設備業,電腦及週邊設備業,25
6931,青松健康股份有限公司,青松健康,22,661521600,上市,生技醫療業,生技醫療業,22
6933,艾瑪斯科技控股股份有限公司,AMAX-KY,25,(02)77519856,上市,電腦及週邊設備業,電腦及週邊設備業,25
6936,永鴻國際生技股份有限公司,永鴻生技,22,727590000,上市,生技醫療業,生技醫療業,22
6937,天虹科技股份有限公司,天虹,24,675882630,上市,半導體業,半導體業,24
6944,兆聯實業股份有限公司,兆聯實業,35,690883120,上市,綠能環保,綠能環保,35
6949,沛爾生技醫藥股份有限公司,沛爾生醫-創,22,583920500,上市,生技醫療業,生技醫療業,22
6951,青新環境工程股份有限公司,青新-創,35,460000000,上市,綠能環保,綠能環保,35
6952,大武山牧場科技股份有限公司,大武山,20,683450000,上市,其他,其他,20
6955,邦睿生技股份有限公司,邦睿生技-創,22,215659000,上市,生技醫療業,生技醫療業,22
6957,裕慶金屬股份有限公司,裕慶-KY,20,555129500,上市,其他,其他,20
6958,日盛台駿國際租賃股份有限公司,日盛台駿,20,3734160740,上市,其他,其他,20
6962,ITH Corporation,奕力-KY,24,4923965650,上市,半導體業,半導體業,24
6965,中傑投資控股股份有限公司,中傑-KY,37,20250307,上市,運動休閒,運動休閒,37
6969,成信實業股份有限公司,成信實業*-創,35,549197200,上市,綠能環保,綠能環保,35
6988,威力暘電子股份有限公司,威力暘-創,12,476000000,上市,汽車工業,--,12
6994,富威電力股份有限公司,富威電力,35,705000000,上市,綠能環保,綠能環保,35
7631,聚賢研發股份有限公司,聚賢研發-創,31,198000000,上市,其他電子業,其他電子業,31
7705,三商餐飲股份有限公司,三商餐飲,16,660673040,上市,觀光事業,觀光事業,16
7722,連加網路商業股份有限公司,LINEPAY,36,680000000,上市,數位雲端,數位雲端,36
7732,金興精密工業股份有限公司,金興精密,12,660000000,上市,汽車工業,--,12
7736,虎山實業股份有限公司,虎山,12,760000000,上市,汽車工業,--,12
7740,熙特爾新能源股份有限公司,熙特爾-創,35,500000000,上市,綠能環保,綠能環保,35
7749,意騰科技股份有限公司,意騰-KY,24,413197280,上市,半導體業,半導體業,24
8011,台通光電股份有限公司,台通,27,1659218910,上市,通信網路業,通信網路業,27
8016,矽創電子股份有限公司,矽創,24,1201368760,上市,半導體業,半導體業,24
8021,尖點科技股份有限公司,尖點,31,1421804670,上市,其他電子業,其他電子業,31
8028,昇陽國際半導體股份有限公司,昇陽半導體,24,1726280330,上市,半導體業,半導體業,24
8033,雷虎科技股份有限公司,雷虎,20,1526297750,上市,其他,其他,20
8039,台虹科技股份有限公司,台虹,28,2566509990,上市,電子零組件業,電子零組件業,28
8045,達運光電股份有限公司,達運光電,27,939358150,上市,通信網路業,通信網路業,27
8046,南亞電路板股份有限公司,南電,28,6461654870,上市,電子零組件業,電子零組件業,28
8070,長華電材股份有限公司,長華*,29,725648455,上市,電子通路業,電子通路業,29
8072,陞泰科技股份有限公司,陞泰,29,800000000,上市,電子通路業,電子通路業,29
8081,致新科技股份有限公司,致新,24,861720720,上市,半導體業,半導體業,24
8101,華冠通訊股份有限公司,華冠,27,326662160,上市,通信網路業,通信網路業,27
8103,瀚荃股份有限公司,瀚荃,28,922784360,上市,電子零組件業,電子零組件業,28
8104,錸寶科技股份有限公司,錸寶,26,916516750,上市,光電業,光電業,26
8105,凌巨科技股份有限公司,凌巨,26,4415448510,上市,光電業,光電業,26
8110,華東科技股份有限公司,華東,24,5177398760,上市,半導體業,半導體業,24
8112,至上電子股份有限公司,至上,29,5552916980,上市,電子通路業,電子通路業,29
8114,振樺電子股份有限公司,振樺電,25,1075379190,上市,電腦及週邊設備業,電腦及週邊設備業,25
8131,福懋科技股份有限公司,福懋科,24,4422222230,上市,半導體業,半導體業,24
8150,南茂科技股份有限公司,南茂,24,7172401260,上市,半導體業,半導體業,24
8162,微矽電子股份有限公司,微矽電子-創,24,687020000,上市,半導體業,半導體業,24
8163,達方電子股份有限公司,達方,25,2800000010,上市,電腦及週邊設備業,電腦及週邊設備業,25
8201,無敵科技股份有限公司,無敵,31,623662750,上市,其他電子業,其他電子業,31
8210,勤誠興業股份有限公司,勤誠,25,1209876880,上市,電腦及週邊設備業,電腦及週邊設備業,25
8213,志超科技股份有限公司,志超,28,2712424880,上市,電子零組件業,電子零組件業,28
8215,明基材料股份有限公司,明基材,26,3206745140,上市,光電業,光電業,26
8222,寶一科技股份有限公司,寶一,05,685735000,上市,電機機械,電機機械,05
8249,菱光科技股份有限公司,菱光,28,1341495000,上市,電子零組件業,電子零組件業,28
8261,富鼎先進電子股份有限公司,富鼎,24,1188324930,上市,半導體業,半導體業,24
8271,宇瞻科技股份有限公司,宇瞻,24,1287292660,上市,半導體業,半導體業,24
8341,日友環保科技股份有限公司,日友,35,1300000000,上市,綠能環保,綠能環保,35
8367,建新國際股份有限公司,建新國際,15,921720310,上市,航運業,航運業,15
8374,羅昇企業股份有限公司,羅昇,05,1122504870,上市,電機機械,電機機械,05
8404,百和興業股份有限公司(開曼),百和興業-KY,20,20110518,上市,其他,其他,20
8411,福貞控股股份有限公司,福貞-KY,20,20111101,上市,其他,其他,20
8422,可寧衛股份有限公司,可寧衛,35,1118823770,上市,綠能環保,綠能環保,35
8429,金麗集團控股有限公司,金麗-KY,18,1857471510,上市,貿易百貨,貿易百貨,18
8438,昶昕實業股份有限公司,昶昕,35,699430000,上市,綠能環保,綠能環保,35
8442,威宏控股股份有限公司,威宏-KY,20,20161108,上市,其他,其他,20
8443,阿瘦實業股份有限公司,阿瘦,18,668000000,上市,貿易百貨,貿易百貨,18
8454,富邦媒體科技股份有限公司,富邦媒,36,2523574050,上市,數位雲端,數位雲端,36
8462,柏文健康事業股份有限公司,柏文,37,793060630,上市,運動休閒,運動休閒,37
8463,潤泰精密材料股份有限公司,潤泰材,20,1500000000,上市,其他,其他,20
8464,億豐綜合工業股份有限公司,億豐,38,2930202000,上市,居家生活,居家生活,38
8466,美吉吉國際股份有限公司,美吉吉-KY,20,20161101,上市,其他,其他,20
8467,波力環球企業股份有限公司,波力-KY,37,(04)2537-6022,上市,運動休閒,運動休閒,37
8473,山林水環境工程股份有限公司,山林水,35,1808524180,上市,綠能環保,綠能環保,35
8476,台境企業股份有限公司,台境*,35,831131790,上市,綠能環保,綠能環保,35
8478,東哥企業股份有限公司,東哥遊艇,37,948862760,上市,運動休閒,運動休閒,37
8481,政伸企業股份有限公司,政伸,20,666018660,上市,其他,其他,20
8482,商億全球控股有限公司,商億-KY,38,20140930,上市,居家生活,居家生活,38
8487,愛爾達科技股份有限公司,愛爾達-創,36,265350000,上市,數位雲端,數位雲端,36
8488,吉源控股股份有限公司,吉源-KY,20,20161213,上市,其他,其他,20
8499,鼎炫投資控股股份有限公司,鼎炫-KY,31,414855570,上市,其他電子業,其他電子業,31
8926,台灣汽電共生股份有限公司,台汽電,23,7302820000,上市,油電燃氣業,油電燃氣業,23
8940,新天地國際實業股份有限公司,新天地,16,674910320,上市,觀光事業,觀光事業,16
8996,高力熱處理工業股份有限公司,高力,05,914714350,上市,電機機械,電機機械,05
9103,美德向邦醫療國際股份有限公司,美德醫療-DR,91,827042000,上市,,,
910322,康師傅控股有限公司,康師傅-DR,91,916513457,上市,,,
9105,泰金寶科技股份有限公司,泰金寶-DR,91,9383139832,上市,,,
910861,神州數碼控股有限公司,神州-DR,91,644726418,上市,,,
9110,越南製造加工出口控股有限公司,越南控-DR,91,38168000,上市,,,
911608,明輝環球企業有限公司,明輝-DR,91,不適用,上市,,,
911622,聚亨企業集團(泰國)大眾有限公司,泰聚亨-DR,91,19960909,上市,,,
911868,同方友友控股有限公司,同方友友-DR,91,356242582,上市,,,
912000,晨訊科技集團有限公司,晨訊科-DR,91,1063575000,上市,,,
9136,巨騰國際控股有限公司,巨騰-DR,91,440764000,上市,,,
9802,鈺齊國際股份有限公司,鈺齊-KY,37,2009916730,上市,運動休閒,運動休閒,37
9902,台火開發股份有限公司,台火,20,980496000,上市,其他,其他,20
9904,寶成工業股份有限公司,寶成,37,29467872130,上市,運動休閒,運動休閒,37
9905,大華金屬工業股份有限公司,大華,20,3050000000,上市,其他,其他,20
9906,欣巴巴事業股份有限公司,欣巴巴,14,903763580,上市,建材營造,建材營造,14
9907,統一實業股份有限公司,統一實,20,15791453420,上市,其他,其他,20
9908,大台北區瓦斯股份有限公司,大台北,23,2768-4999,上市,油電燃氣業,油電燃氣業,23
9910,豐泰企業股份有限公司,豐泰,37,9874828310,上市,運動休閒,運動休閒,37
9911,台灣櫻花股份有限公司,櫻花,38,2211211880,上市,居家生活,居家生活,38
9912,偉聯科技股份有限公司,偉聯,25,546565690,上市,電腦及週邊設備業,電腦及週邊設備業,25
9914,美利達工業股份有限公司,美利達,37,2989838000,上市,運動休閒,運動休閒,37
9917,中興保全科技股份有限公司,中保科,20,4511970930,上市,其他,其他,20
9918,欣欣天然氣股份有限公司,欣天然,23,1805374530,上市,油電燃氣業,油電燃氣業,23
9919,康那香企業股份有限公司,康那香,20,1953627500,上市,其他,其他,20
9921,巨大機械工業股份有限公司,巨大,37,3920646260,上市,運動休閒,運動休閒,37
9924,台灣福興工業股份有限公司,福興,38,1884521700,上市,居家生活,居家生活,38
9925,台灣新光保全股份有限公司,新保,20,3874896050,上市,其他,其他,20
9926,新海瓦斯股份有限公司,新海,23,1795040750,上市,油電燃氣業,油電燃氣業,23
9927,泰銘實業股份有限公司,泰銘,20,1673185340,上市,其他,其他,20
9928,中國電視事業股份有限公司,中視,20,607245830,上市,其他,其他,20
9929,秋雨創新股份有限公司,秋雨,20,1012800000,上市,其他,其他,20
9930,中聯資源股份有限公司,中聯資源,35,2485403680,上市,綠能環保,綠能環保,35
9931,欣高石油氣股份有限公司,欣高,23,1203693030,上市,油電燃氣業,油電燃氣業,23
9933,中鼎工程股份有限公司,中鼎,20,8112727870,上市,其他,其他,20
9934,成霖企業股份有限公司,成霖,38,4110169620,上市,居家生活,居家生活,38
9935,慶豐富實業股份有限公司,慶豐富,38,1778389260,上市,居家生活,居家生活,38
9937,全國加油站股份有限公司,全國,23,3090430000,上市,油電燃氣業,油電燃氣業,23
9938,台灣百和工業股份有限公司,百和,20,2979639020,上市,其他,其他,20
9939,宏全國際股份有限公司,宏全,20,2957858790,上市,其他,其他,20
9940,信義房屋股份有限公司,信義,20,7368465000,上市,其他,其他,20
9941,裕融企業股份有限公司,裕融,20,6482250920,上市,其他,其他,20
9942,茂順密封元件科技股份有限公司,茂順,20,831613200,上市,其他,其他,20
9943,好樂迪股份有限公司,好樂迪,16,1251715100,上市,觀光事業,觀光事業,16
9944,新麗企業股份有限公司,新麗,20,1059081000,上市,其他,其他,20
9945,潤泰創新國際股份有限公司,潤泰新,20,28442250860,上市,其他,其他,20
9946,三發地產股份有限公司,三發地產,14,3265541500,上市,建材營造,建材營造,14
9955,佳龍科技工程股份有限公司,佳龍,35,1045137290,上市,綠能環保,綠能環保,35
9958,世紀鋼鐵結構股份有限公司,世紀鋼,10,2568966650,上市,鋼鐵工業,鋼鐵工業,10
,,,,,上市,,,
1240,茂生農經股份有限公司,茂生農經,33,413386660,上櫃,--,農業科技業,33
1259,安心食品服務股份有限公司,安心,16,323895000,上櫃,觀光事業,觀光事業,16
1264,德麥食品股份有限公司,德麥,02,370523670,上櫃,食品工業,食品工業,02
1268,漢來美食股份有限公司,漢來美食,16,422237300,上櫃,觀光事業,觀光事業,16
1294,漢田生技股份有限公司,漢田生技,02,276232630,上櫃,食品工業,食品工業,02
1295,生合生物科技股份有限公司,生合,02,344748000,上櫃,食品工業,食品工業,02
1336,台翰精密科技股份有限公司,台翰,28,776144190,上櫃,電子零組件業,電子零組件業,28
1565,精華光學股份有限公司,精華,22,504165160,上櫃,生技醫療業,生技醫療業,22
1569,濱川企業股份有限公司,濱川,25,1214474410,上櫃,電腦及週邊設備業,電腦及週邊設備業,25
1570,力肯實業股份有限公司,力肯,05,515008390,上櫃,電機機械,電機機械,05
1580,新麥企業股份有限公司,新麥,05,502302420,上櫃,電機機械,電機機械,05
1584,精剛精密科技股份有限公司,精剛,20,2324705330,上櫃,其他,其他,20
1586,和勤精機股份有限公司,和勤,05,1068494670,上櫃,電機機械,電機機械,05
1591,英屬開曼群島商駿吉控股(股)公司,駿吉-KY,05,20091119,上櫃,電機機械,電機機械,05
1593,祺驊股份有限公司,祺驊,37,397847720,上櫃,運動休閒,運動休閒,37
1595,川寶科技股份有限公司,川寶,28,540992300,上櫃,電子零組件業,電子零組件業,28
1599,宏佳騰動力科技股份有限公司,宏佳騰,05,745287640,上櫃,電機機械,電機機械,05
1742,台灣蠟品股份有限公司,台蠟,21,926713000,上櫃,化學工業,化學工業,21
1777,生泰合成工業股份有限公司,生泰,22,445917130,上櫃,生技醫療業,生技醫療業,22
1781,合世生醫科技股份有限公司,合世,22,474076050,上櫃,生技醫療業,生技醫療業,22
1784,訊聯生物科技股份有限公司,訊聯,22,531211910,上櫃,生技醫療業,生技醫療業,22
1785,光洋應用材料科技股份有限公司,光洋科,31,5960712430,上櫃,其他電子業,其他電子業,31
1788,杏昌生技股份有限公司,杏昌,22,445209710,上櫃,生技醫療業,生技醫療業,22
1796,金穎生物科技股份有限公司,金穎生技,02,414597930,上櫃,食品工業,食品工業,02
1799,易威生醫科技股份有限公司,易威,22,1246895270,上櫃,生技醫療業,生技醫療業,22
1813,寶利徠光學科技股份有限公司,寶利徠,22,466355100,上櫃,生技醫療業,生技醫療業,22
1815,富喬工業股份有限公司,富喬,28,5204303960,上櫃,電子零組件業,電子零組件業,28
2035,唐榮鐵工廠股份有限公司,唐榮公司,10,3500000000,上櫃,鋼鐵工業,鋼鐵工業,10
2061,風青實業股份有限公司,風青,06,573780520,上櫃,電器電纜,電器電纜,06
2063,世鎧精密股份有限公司,世鎧,10,481014530,上櫃,鋼鐵工業,鋼鐵工業,10
2064,晉椿工業股份有限公司,晉椿,10,693300000,上櫃,鋼鐵工業,鋼鐵工業,10
2065,世豐螺絲股份有限公司,世豐,10,635167070,上櫃,鋼鐵工業,鋼鐵工業,10
2066,世德工業股份有限公司,世德,05,新台幣                 10.0000元,上櫃,電機機械,電機機械,05
2067,嘉鋼精密工業股份有限公司,嘉鋼,05,451381770,上櫃,電機機械,電機機械,05
2070,精湛光學科技股份有限公司,精湛,05,357828000,上櫃,電機機械,電機機械,05
2073,雄順金屬股份有限公司,雄順,10,275000000,上櫃,鋼鐵工業,鋼鐵工業,10
2221,大甲永和機械工業股份有限公司,大甲,20,423250000,上櫃,其他,其他,20
2230,泰茂實業股份有限公司,泰茂,05,566913380,上櫃,電機機械,電機機械,05
2235,謚源實業股份有限公司,謚源,05,358780000,上櫃,電機機械,電機機械,05
2596,綠意開發股份有限公司,綠意,14,1000000000,上櫃,建材營造,建材營造,14
2640,台灣大車隊股份有限公司,大車隊,36,592649560,上櫃,數位雲端,數位雲端,36
2641,正德海運股份有限公司,正德,15,3182712290,上櫃,航運業,航運業,15
2643,捷迅股份有限公司,捷迅,15,350000000,上櫃,航運業,航運業,15
2718,全心投資控股股份有限公司,全心投控,14,875760000,上櫃,建材營造,建材營造,14
2719,台鋼燦星國際旅行社股份有限公司,燦星旅,16,689695000,上櫃,觀光事業,觀光事業,16
2724,藝舍國際創新股份有限公司,藝舍-KY,20,596563450,上櫃,其他,其他,20
2726,雅茗天地股份有限公司,雅茗-KY,16,279224540,上櫃,觀光事業,觀光事業,16
2729,瓦城泰統股份有限公司,瓦城,16,395009840,上櫃,觀光事業,觀光事業,16
2732,六角國際事業股份有限公司,六角,16,465185700,上櫃,觀光事業,觀光事業,16
2734,易飛網國際旅行社股份有限公司,易飛網,16,572597600,上櫃,觀光事業,觀光事業,16
2736,富野大飯店股份有限公司,富野,16,599722300,上櫃,觀光事業,觀光事業,16
2740,天蔥國際股份有限公司,天蔥,16,139520160,上櫃,觀光事業,觀光事業,16
2743,山富國際旅行社股份有限公司,山富,16,360117000,上櫃,觀光事業,觀光事業,16
2745,五福旅行社股份有限公司,五福,16,新台幣                 10.0000元,上櫃,觀光事業,觀光事業,16
2751,王座國際餐飲股份有限公司,王座,16,196000000,上櫃,觀光事業,觀光事業,16
2752,豆府股份有限公司,豆府,16,266938610,上櫃,觀光事業,觀光事業,16
2754,亞洲藏壽司股份有限公司,亞洲藏壽司,16,468610000,上櫃,觀光事業,觀光事業,16
2755,揚秦國際企業股份有限公司,揚秦,16,301400000,上櫃,觀光事業,觀光事業,16
2756,聯發國際餐飲事業股份有限公司,聯發國際,16,245428200,上櫃,觀光事業,觀光事業,16
2916,滿心企業股份有限公司,滿心,38,646268780,上櫃,居家生活,居家生活,38
2924,開曼群島宏太股份有限公司,宏太-KY,38,520359340,上櫃,居家生活,居家生活,38
2926,誠品生活股份有限公司,誠品生活,32,473896500,上櫃,--,文化創意業,32
2937,集雅社股份有限公司,集雅社,38,395836140,上櫃,居家生活,居家生活,38
2941,米斯特國際企業股份有限公司,米斯特,38,153900000,上櫃,居家生活,居家生活,38
2947,振宇五金股份有限公司,振宇五金,38,192686000,上櫃,居家生活,居家生活,38
2948,寶陞國際股份有限公司,寶陞,38,300000000,上櫃,居家生活,居家生活,38
2949,欣新網股份有限公司,欣新網,36,254100000,上櫃,數位雲端,數位雲端,36
3064,泰偉電子股份有限公司,泰偉,32,130114510,上櫃,--,文化創意業,32
3066,李洲科技股份有限公司,李洲,26,830706120,上櫃,光電業,光電業,26
3067,全域股份有限公司,全域,31,200000000,上櫃,其他電子業,其他電子業,31
3071,協禧電機股份有限公司,協禧,25,1100000000,上櫃,電腦及週邊設備業,電腦及週邊設備業,25
3073,天方能源科技股份有限公司,天方能源,35,370995560,上櫃,綠能環保,綠能環保,35
3078,僑威科技股份有限公司,僑威,28,2273910640,上櫃,電子零組件業,電子零組件業,28
3081,聯亞光電工業股份有限公司,聯亞,27,925213770,上櫃,通信網路業,通信網路業,27
3083,中華網龍股份有限公司,網龍,32,864868580,上櫃,--,文化創意業,32
3085,台鋼新零售股份有限公司,新零售,36,690192880,上櫃,數位雲端,數位雲端,36
3086,華義國際數位娛樂股份有限公司,華義,32,259724290,上櫃,--,文化創意業,32
3088,艾訊股份有限公司,艾訊,25,新台幣                 10.0000元,上櫃,電腦及週邊設備業,電腦及週邊設備業,25
3093,台灣港建股份有限公司,港建*,31,362888940,上櫃,其他電子業,其他電子業,31
3095,及成企業股份有限公司,及成,27,146800000,上櫃,通信網路業,通信網路業,27
3105,穩懋半導體股份有限公司,穩懋,24,4239403840,上櫃,半導體業,半導體業,24
3114,好德科技股份有限公司,好德,28,651297920,上櫃,電子零組件業,電子零組件業,28
3115,富育榮綱股份有限公司,富榮綱,28,571976150,上櫃,電子零組件業,電子零組件業,28
3118,進階生物科技股份有限公司,進階,22,324528600,上櫃,生技醫療業,生技醫療業,22
3122,笙泉科技股份有限公司,笙泉,24,407648260,上櫃,半導體業,半導體業,24
3128,昇銳電子股份有限公司,昇銳,26,420000000,上櫃,光電業,光電業,26
3131,弘塑科技股份有限公司,弘塑,31,292160150,上櫃,其他電子業,其他電子業,31
3141,晶宏半導體股份有限公司,晶宏,24,752000280,上櫃,半導體業,半導體業,24
3147,大綜電腦系統股份有限公司,大綜,30,390060990,上櫃,資訊服務業,資訊服務業,30
3152,璟德電子工業股份有限公司,璟德,27,690162000,上櫃,通信網路業,通信網路業,27
3162,精確實業股份有限公司,精確,05,1303792920,上櫃,電機機械,電機機械,05
3163,波若威科技股份有限公司,波若威,27,805407410,上櫃,通信網路業,通信網路業,27
3169,亞信電子股份有限公司,亞信,24,631069810,上櫃,半導體業,半導體業,24
3171,炎洲流通股份有限公司,炎洲流通,38,353726580,上櫃,居家生活,居家生活,38
3176,基亞生物科技股份有限公司,基亞,22,1393067550,上櫃,生技醫療業,生技醫療業,22
3178,公準精密工業股份有限公司,公準,24,450500000,上櫃,半導體業,半導體業,24
3188,鑫龍騰開發股份有限公司,鑫龍騰,14,1863098760,上櫃,建材營造,建材營造,14
3191,雲嘉南科技股份有限公司,雲嘉南,28,435973810,上櫃,電子零組件業,電子零組件業,28
3202,樺晟電子股份有限公司,樺晟,28,1293448700,上櫃,電子零組件業,電子零組件業,28
3205,佰研生化科技股份有限公司,佰研,22,675456310,上櫃,生技醫療業,生技醫療業,22
3206,志豐電子股份有限公司,志豐,28,589166210,上櫃,電子零組件業,電子零組件業,28
3207,耀勝電子股份有限公司,耀勝,28,663954070,上櫃,電子零組件業,電子零組件業,28
3211,順達科技股份有限公司,順達,25,1525650210,上櫃,電腦及週邊設備業,電腦及週邊設備業,25
3213,茂訊電腦股份有限公司,茂訊,25,586855470,上櫃,電腦及週邊設備業,電腦及週邊設備業,25
3217,優群科技股份有限公司,優群,28,901042030,上櫃,電子零組件業,電子零組件業,28
3218,大學光學科技股份有限公司,大學光,22,847248990,上櫃,生技醫療業,生技醫療業,22
3219,倚強科技股份有限公司,倚強科,31,711058000,上櫃,其他電子業,其他電子業,31
3221,台灣嘉碩科技股份有限公司,台嘉碩,27,1038923100,上櫃,通信網路業,通信網路業,27
3224,三顧股份有限公司,三顧,29,681726480,上櫃,電子通路業,電子通路業,29
3226,龍鋒科技股份有限公司,龍鋒,05,644305730,上櫃,電機機械,電機機械,05
3227,原相科技股份有限公司,原相,24,1492319000,上櫃,半導體業,半導體業,24
3228,金麗科技股份有限公司,金麗科,24,703064950,上櫃,半導體業,半導體業,24
3230,錦明實業股份有限公司,錦明,26,860109000,上櫃,光電業,光電業,26
3232,昱捷股份有限公司,昱捷,29,465678650,上櫃,電子通路業,電子通路業,29
3234,光環科技股份有限公司,光環,27,1114746920,上櫃,通信網路業,通信網路業,27
3236,千如電機工業股份有限公司,千如,28,1050006130,上櫃,電子零組件業,電子零組件業,28
3252,海灣國際開發(股)公司,海灣,16,501957540,上櫃,觀光事業,觀光事業,16
3259,鑫創科技股份有限公司,鑫創,24,729659340,上櫃,半導體業,半導體業,24
3260,威剛科技股份有限公司,威剛,24,3257966480,上櫃,半導體業,半導體業,24
3264,欣銓科技股份有限公司,欣銓,24,4901700760,上櫃,半導體業,半導體業,24
3265,台星科股份有限公司,台星科,24,1362616590,上櫃,半導體業,半導體業,24
3268,海德威電子工業股份有限公司,海德威,24,347207960,上櫃,半導體業,半導體業,24
3272,東碩資訊股份有限公司,東碩,25,611767890,上櫃,電腦及週邊設備業,電腦及週邊設備業,25
3276,宇環科技股份有限公司,宇環,28,697126660,上櫃,電子零組件業,電子零組件業,28
3284,太普高精密影像股份有限公司,太普高,20,923950650,上櫃,其他,其他,20
3285,微端科技股份有限公司,微端,31,427353240,上櫃,其他電子業,其他電子業,31
3287,廣寰科技股份有限公司,廣寰科,25,439704830,上櫃,電腦及週邊設備業,電腦及週邊設備業,25
3288,點晶科技股份有限公司,點晶,28,150000000,上櫃,電子零組件業,電子零組件業,28
3289,宜特科技股份有限公司,宜特,31,744381710,上櫃,其他電子業,其他電子業,31
3290,東浦精密光電股份有限公司,東浦,28,1288786200,上櫃,電子零組件業,電子零組件業,28
3293,鈊象電子股份有限公司,鈊象,32,2818015600,上櫃,--,文化創意業,32
3294,英濟股份有限公司,英濟,28,1320159190,上櫃,電子零組件業,電子零組件業,28
3297,杭特電子股份有限公司,杭特,26,360494450,上櫃,光電業,光電業,26
3303,岱稜科技股份有限公司,岱稜,31,940906070,上櫃,其他電子業,其他電子業,31
3306,鼎天國際股份有限公司,鼎天,27,506077020,上櫃,通信網路業,通信網路業,27
3310,佳穎精密企業股份有限公司,佳穎,28,669891860,上櫃,電子零組件業,電子零組件業,28
3313,斐成開發科技股份有限公司,斐成,20,2207707760,上櫃,其他,其他,20
3317,尼克森微電子股份有限公司,尼克森,24,810000000,上櫃,半導體業,半導體業,24
3322,建舜電子製造股份有限公司,建舜電,28,1215821570,上櫃,電子零組件業,電子零組件業,28
3323,加百裕工業股份有限公司,加百裕,25,939523940,上櫃,電腦及週邊設備業,電腦及週邊設備業,25
3324,雙鴻科技股份有限公司,雙鴻,31,917744490,上櫃,其他電子業,其他電子業,31
3325,旭品科技股份有限公司,旭品,25,901686100,上櫃,電腦及週邊設備業,電腦及週邊設備業,25
3332,幸康電子股份有限公司,幸康,28,481042460,上櫃,電子零組件業,電子零組件業,28
3339,泰谷光電科技股份有限公司,泰谷,26,665683000,上櫃,光電業,光電業,26
3349,寶德科技股份有限公司,寶德,25,400716480,上櫃,電腦及週邊設備業,電腦及週邊設備業,25
3354,律勝科技股份有限公司,律勝,28,701124260,上櫃,電子零組件業,電子零組件業,28
3357,西北臺慶科技股份有限公司,臺慶科,28,1020348810,上櫃,電子零組件業,電子零組件業,28
3360,尚立股份有限公司,尚立,29,764022440,上櫃,電子通路業,電子通路業,29
3362,先進光電科技股份有限公司,先進光,26,1424490750,上櫃,光電業,光電業,26
3363,上詮光纖通信股份有限公司,上詮,27,1036405670,上櫃,通信網路業,通信網路業,27
3372,台灣典範半導體股份有限公司,典範,24,1753240000,上櫃,半導體業,半導體業,24
3373,熱映光電股份有限公司,熱映,31,432898010,上櫃,其他電子業,其他電子業,31
3374,精材科技股份有限公司,精材,24,2713643160,上櫃,半導體業,半導體業,24
3379,彬台科技股份有限公司,彬台,05,380417480,上櫃,電機機械,電機機械,05
3388,崇越電通股份有限公司,崇越電,28,740623580,上櫃,電子零組件業,電子零組件業,28
3390,旭軟電子科技股份有限公司,旭軟,28,789582590,上櫃,電子零組件業,電子零組件業,28
3402,漢科系統科技股份有限公司,漢科,31,730476920,上櫃,其他電子業,其他電子業,31
3426,台興電子企業股份有限公司,台興,05,264000000,上櫃,電機機械,電機機械,05
3430,奇鈦科技股份有限公司,奇鈦科,21,337160850,上櫃,化學工業,化學工業,21
3434,哲固資訊科技股份有限公司,哲固,26,280278000,上櫃,光電業,光電業,26
3438,台灣類比科技股份有限公司,類比科,24,471658150,上櫃,半導體業,半導體業,24
3441,聯一光電股份有限公司,聯一光電,26,400399200,上櫃,光電業,光電業,26
3444,利機企業股份有限公司,利機,29,449968770,上櫃,電子通路業,電子通路業,29
3455,由田新技股份有限公司,由田,26,598507500,上櫃,光電業,光電業,26
3465,進泰電子科技股份有限公司,進泰電子,31,353298620,上櫃,其他電子業,其他電子業,31
3466,德晉科技股份有限公司,德晉,27,778920730,上櫃,通信網路業,通信網路業,27
3467,台灣精材股份有限公司,台灣精材,24,311065690,上櫃,半導體業,半導體業,24
3479,安勤科技股份有限公司,安勤,25,726301640,上櫃,電腦及週邊設備業,電腦及週邊設備業,25
3483,力致科技股份有限公司,力致,25,861297890,上櫃,電腦及週邊設備業,電腦及週邊設備業,25
3484,崧騰企業股份有限公司,崧騰,28,768191860,上櫃,電子零組件業,電子零組件業,28
3489,森寶開發股份有限公司,森寶,14,904521550,上櫃,建材營造,建材營造,14
3490,單井工業股份有限公司,單井,26,550064350,上櫃,光電業,光電業,26
3491,昇達科技股份有限公司,昇達科,27,661731510,上櫃,通信網路業,通信網路業,27
3492,長盛科技股份有限公司,長盛,28,355316000,上櫃,電子零組件業,電子零組件業,28
3498,陽程科技股份有限公司,陽程,31,622730080,上櫃,其他電子業,其他電子業,31
3499,環天世通科技股份有限公司,環天科,27,549705960,上櫃,通信網路業,通信網路業,27
3508,位速科技股份有限公司,位速,31,1043117370,上櫃,其他電子業,其他電子業,31
3511,矽瑪科技股份有限公司,矽瑪,28,799729450,上櫃,電子零組件業,電子零組件業,28
3512,皇龍開發股份有限公司,皇龍,14,1130723720,上櫃,建材營造,建材營造,14
3516,亞帝歐光電股份有限公司,亞帝歐,26,595608740,上櫃,光電業,光電業,26
3520,華盈電子股份有限公司,華盈,28,688467780,上櫃,電子零組件業,電子零組件業,28
3521,鴻翊國際股份有限公司,鴻翊,14,1282655520,上櫃,建材營造,建材營造,14
3522,御嵿國際股份有限公司,御嵿,16,836217600,上櫃,觀光事業,觀光事業,16
3523,迎輝科技股份有限公司,迎輝,26,642578680,上櫃,光電業,光電業,26
3526,凡甲科技股份有限公司,凡甲,28,651341610,上櫃,電子零組件業,電子零組件業,28
3527,聚積科技股份有限公司,聚積,24,444451250,上櫃,半導體業,半導體業,24
3529,力旺電子股份有限公司,力旺,24,746737420,上櫃,半導體業,半導體業,24
3531,先益電子工業股份有限公司,先益,26,611750110,上櫃,光電業,光電業,26
3537,堡達實業股份有限公司,堡達,28,562429790,上櫃,電子零組件業,電子零組件業,28
3540,曜越科技股份有限公司,曜越,25,724585480,上櫃,電腦及週邊設備業,電腦及週邊設備業,25
3541,西柏科技股份有限公司,西柏,31,563491420,上櫃,其他電子業,其他電子業,31
3546,宇峻奧汀科技股份有限公司,宇峻,32,531157480,上櫃,--,文化創意業,32
3548,兆利科技工業股份有限公司,兆利,28,660913640,上櫃,電子零組件業,電子零組件業,28
3551,世禾科技股份有限公司,世禾,35,567748900,上櫃,綠能環保,綠能環保,35
3552,同致電子企業股份有限公司,同致,31,941522440,上櫃,其他電子業,其他電子業,31
3555,博士旺創新股份有限公司,博士旺,24,299987970,上櫃,半導體業,半導體業,24
3556,禾瑞亞科技股份有限公司,禾瑞亞,24,637028440,上櫃,半導體業,半導體業,24
3558,神準科技股份有限公司,神準,27,590608810,上櫃,通信網路業,通信網路業,27
3564,其陽科技股份有限公司,其陽,27,591231000,上櫃,通信網路業,通信網路業,27
3567,逸昌科技股份有限公司,逸昌,24,339540000,上櫃,半導體業,半導體業,24
3570,大塚資訊科技股份有限公司,大塚,30,170970000,上櫃,資訊服務業,資訊服務業,30
3577,泓格科技股份有限公司,泓格,25,639656530,上櫃,電腦及週邊設備業,電腦及週邊設備業,25
3580,友威科技股份有限公司,友威科,31,394706570,上櫃,其他電子業,其他電子業,31
3581,博磊科技股份有限公司,博磊,24,510060000,上櫃,半導體業,半導體業,24
3587,閎康科技股份有限公司,閎康,31,670382340,上櫃,其他電子業,其他電子業,31
3594,磐儀科技股份有限公司,磐儀,25,956973580,上櫃,電腦及週邊設備業,電腦及週邊設備業,25
3597,映興電子股份有限公司,映興,28,392364400,上櫃,電子零組件業,電子零組件業,28
3609,三一東林科技股份有限公司,三一東林,28,384193870,上櫃,電子零組件業,電子零組件業,28
3611,鼎翰科技股份有限公司,鼎翰,25,474851340,上櫃,電腦及週邊設備業,電腦及週邊設備業,25
3615,安可光電股份有限公司,安可,26,684669760,上櫃,光電業,光電業,26
3623,富晶通科技股份有限公司,富晶通,26,291859460,上櫃,光電業,光電業,26
3624,光頡科技股份有限公司,光頡,28,1173408420,上櫃,電子零組件業,電子零組件業,28
3625,西勝國際股份有限公司,西勝,25,1142467650,上櫃,電腦及週邊設備業,電腦及週邊設備業,25
3628,盈正豫順電子股份有限公司,盈正,31,450000000,上櫃,其他電子業,其他電子業,31
3629,地心引力股份有限公司,地心引力,32,329547820,上櫃,--,文化創意業,32
3630,新鉅科技股份有限公司,新鉅科,26,2041918480,上櫃,光電業,光電業,26
3631,晟楠科技股份有限公司,晟楠,28,818209090,上櫃,電子零組件業,電子零組件業,28
3632,研勤科技股份有限公司,研勤,27,408897380,上櫃,通信網路業,通信網路業,27
3646,艾恩特精密工業股份有限公司,艾恩特,28,392973710,上櫃,電子零組件業,電子零組件業,28
3663,鑫科材料科技股份有限公司,鑫科,31,1084940740,上櫃,其他電子業,其他電子業,31
3664,安瑞科技股份有限公司,安瑞-KY,27,20081219,上櫃,通信網路業,通信網路業,27
3666,光耀科技股份有限公司,光耀,26,679458500,上櫃,光電業,光電業,26
3672,康聯訊科技股份有限公司,康聯訊,27,317903750,上櫃,通信網路業,通信網路業,27
3675,德微科技股份有限公司,德微,24,547039230,上櫃,半導體業,半導體業,24
3680,家登精密工業股份有限公司,家登,24,960392390,上櫃,半導體業,半導體業,24
3684,榮昌科技股份有限公司,榮昌,27,300016740,上櫃,通信網路業,通信網路業,27
3685,元創精密車業股份有限公司,元創精密,05,795740000,上櫃,電機機械,電機機械,05
3687,茂為歐買尬數位科技股份有限公司,歐買尬,36,300595720,上櫃,數位雲端,數位雲端,36
3689,湧德電子股份有限公司,湧德,28,835703520,上櫃,電子零組件業,電子零組件業,28
3691,碩禾電子材料股份有限公司,碩禾,26,918834200,上櫃,光電業,光電業,26
3693,營邦企業股份有限公司,營邦,25,429906940,上櫃,電腦及週邊設備業,電腦及週邊設備業,25
3707,漢磊科技股份有限公司,漢磊,24,3832226530,上櫃,半導體業,半導體業,24
3709,鑫聯大投資控股股份有限公司,鑫聯大投控,25,1255694500,上櫃,電腦及週邊設備業,電腦及週邊設備業,25
3710,連展投資控股股份有限公司,連展投控,28,2872507340,上櫃,電子零組件業,電子零組件業,28
3713,新晶投資控股股份有限公司,新晶投控,35,780900000,上櫃,綠能環保,綠能環保,35
4102,永日化學工業股份有限公司,永日,22,423734430,上櫃,生技醫療業,生技醫療業,22
4105,台灣東洋藥品工業股份有限公司,東洋,22,2486499590,上櫃,生技醫療業,生技醫療業,22
4107,邦特生物科技股份有限公司,邦特,22,692983360,上櫃,生技醫療業,生技醫療業,22
4109,加捷生醫股份有限公司,加捷生醫,22,1187366810,上櫃,生技醫療業,生技醫療業,22
4111,濟生醫藥生技股份有限公司,濟生,22,569829850,上櫃,生技醫療業,生技醫療業,22
4113,聯上實業股份有限公司,聯上,14,2311381370,上櫃,建材營造,建材營造,14
4114,健喬信元醫藥生技股份有限公司,健喬,22,4643414870,上櫃,生技醫療業,生技醫療業,22
4116,明基三豐醫療器材股份有限公司,明基醫,22,445660000,上櫃,生技醫療業,生技醫療業,22
4120,友華生技醫藥股份有限公司,友華,22,867471190,上櫃,生技醫療業,生技醫療業,22
4121,優盛醫學科技股份有限公司,優盛,22,854910450,上櫃,生技醫療業,生技醫療業,22
4123,晟德大藥廠股份有限公司,晟德,22,7249768320,上櫃,生技醫療業,生技醫療業,22
4126,太平洋醫材股份有限公司,太醫,22,726000000,上櫃,生技醫療業,生技醫療業,22
4127,天良生物科技企業股份有限公司,天良,22,457600000,上櫃,生技醫療業,生技醫療業,22
4128,中天生物科技股份有限公司,中天,22,5881705970,上櫃,生技醫療業,生技醫療業,22
4129,聯合骨科器材股份有限公司,聯合,22,964367040,上櫃,生技醫療業,生技醫療業,22
4130,健亞生物科技股份有限公司,健亞,22,1126571270,上櫃,生技醫療業,生技醫療業,22
4131,浩泰精準股份有限公司,浩泰,22,395000000,上櫃,生技醫療業,生技醫療業,22
4138,曜亞國際股份有限公司,曜亞,22,363000000,上櫃,生技醫療業,生技醫療業,22
4139,馬光保健控股股份有限公司,馬光-KY,22,20090714,上櫃,生技醫療業,生技醫療業,22
4147,中裕新藥股份有限公司,中裕,22,2731192250,上櫃,生技醫療業,生技醫療業,22
4153,鈺緯科技開發股份有限公司,鈺緯,22,586681970,上櫃,生技醫療業,生技醫療業,22
4154,樂威科股份有限公司,樂威科-KY,20,20111228,上櫃,其他,其他,20
4157,太景醫藥研發控股股份有限公司,太景*-KY,22,20941823,上櫃,生技醫療業,生技醫療業,22
4160,訊聯基因數位股份有限公司,訊聯基因,22,266903340,上櫃,生技醫療業,生技醫療業,22
4161,聿新生物科技股份有限公司,聿新科,22,529408890,上櫃,生技醫療業,生技醫療業,22
4162,智擎生技製藥股份有限公司,智擎,22,1456776400,上櫃,生技醫療業,生技醫療業,22
4163,鐿鈦科技股份有限公司,鐿鈦,22,497196430,上櫃,生技醫療業,生技醫療業,22
4167,松瑞製藥股份有限公司,松瑞藥,22,3173991070,上櫃,生技醫療業,生技醫療業,22
4168,台灣醣聯生技醫藥股份有限公司,醣聯,22,1086401330,上櫃,生技醫療業,生技醫療業,22
4171,瑞基海洋生物科技股份有限公司,瑞基,33,574574690,上櫃,--,農業科技業,33
4173,久裕企業股份有限公司,久裕,22,745743550,上櫃,生技醫療業,生技醫療業,22
4174,台灣浩鼎生技股份有限公司,浩鼎,22,2631593740,上櫃,生技醫療業,生技醫療業,22
4175,杏一醫療用品股份有限公司,杏一,22,423233070,上櫃,生技醫療業,生技醫療業,22
4183,福永生物科技股份有限公司,福永生技,22,238000000,上櫃,生技醫療業,生技醫療業,22
4188,安克生醫股份有限公司,安克,22,633329000,上櫃,生技醫療業,生技醫療業,22
4192,杏國新藥股份有限公司,杏國,22,351645000,上櫃,生技醫療業,生技醫療業,22
4198,欣大健康投資控股股份有限公司,欣大健康,22,241080000,上櫃,生技醫療業,生技醫療業,22
4205,中華食品實業股份有限公司,中華食,02,887720260,上櫃,食品工業,食品工業,02
4207,環泰企業股份有限公司,環泰,02,1985380080,上櫃,食品工業,食品工業,02
4303,信立化學工業股份有限公司,信立,03,788377640,上櫃,塑膠工業,塑膠工業,03
4304,勝昱科技股份有限公司,勝昱,03,360380650,上櫃,塑膠工業,塑膠工業,03
4305,世坤塑膠股份有限公司,世坤,03,550140000,上櫃,塑膠工業,塑膠工業,03
4401,東隆興業股份有限公司,東隆興,04,1226920120,上櫃,紡織纖維,紡織纖維,04
4402,郡都開發股份有限公司,郡都開發,04,679918300,上櫃,紡織纖維,紡織纖維,04
4406,新昕纖維股份有限公司,新昕纖,04,519120000,上櫃,紡織纖維,紡織纖維,04
4413,飛寶企業股份有限公司,飛寶企業,04,313146890,上櫃,紡織纖維,紡織纖維,04
4416,三圓建設股份有限公司,三圓,14,735862130,上櫃,建材營造,建材營造,14
4417,金洲海洋科技股份有限公司,金洲,04,839713990,上櫃,紡織纖維,紡織纖維,04
4419,皇家國際美食股份有限公司,皇家美食,16,1691631330,上櫃,觀光事業,觀光事業,16
4420,光明絲織廠股份有限公司,光明,04,404550000,上櫃,紡織纖維,紡織纖維,04
4430,耀億工業股份有限公司,耀億,20,562736090,上櫃,其他,其他,20
4432,銘旺實業股份有限公司,銘旺實,04,505890000,上櫃,紡織纖維,紡織纖維,04
4433,興采實業股份有限公司,興采,04,612997740,上櫃,紡織纖維,紡織纖維,04
4442,開曼群島商竣邦國際股份有限公司,竣邦-KY,04,279429380,上櫃,紡織纖維,紡織纖維,04
4502,健信科技工業股份有限公司,健信,05,574696860,上櫃,電機機械,電機機械,05
4503,金雨企業股份有限公司,金雨,05,783133260,上櫃,電機機械,電機機械,05
4506,崇友實業(股)公司,崇友,05,1770120000,上櫃,電機機械,電機機械,05
4510,高鋒工業股份有限公司,高鋒,05,1080106890,上櫃,電機機械,電機機械,05
4513,福裕事業股份有限公司,福裕,05,1143619210,上櫃,電機機械,電機機械,05
4523,永彰科技股份有限公司,永彰,05,650780000,上櫃,電機機械,電機機械,05
4527,(方方土)霖冷凍機械股份有限公司,方方土霖,05,761523700,上櫃,電機機械,電機機械,05
4528,江興鍛壓工業股份有限公司,江興鍛,05,841656950,上櫃,電機機械,電機機械,05
4529,淳紳股份有限公司,淳紳,20,845490960,上櫃,其他,其他,20
4530,宏易創新國際股份有限公司,宏易,16,694372760,上櫃,觀光事業,觀光事業,16
4533,協易機械工業股份有限公司,協易機,05,1584341100,上櫃,電機機械,電機機械,05
4534,慶騰精密科技股份有限公司,慶騰,05,867889480,上櫃,電機機械,電機機械,05
4535,至興精機股份有限公司,至興,05,756617400,上櫃,電機機械,電機機械,05
4538,大詠城機械股份有限公司,大詠城,05,587729910,上櫃,電機機械,電機機械,05
4541,晟田科技工業股份有限公司,晟田,20,676470680,上櫃,其他,其他,20
4542,科嶠工業股份有限公司,科嶠,28,323234170,上櫃,電子零組件業,電子零組件業,28
4543,萬在工業股份有限公司,萬在,05,597723000,上櫃,電機機械,電機機械,05
4549,桓達科技股份有限公司,桓達,05,558847500,上櫃,電機機械,電機機械,05
4550,長佳機電工程股份有限公司,長佳,05,378387830,上櫃,電機機械,電機機械,05
4554,橙的電子股份有限公司,橙的,31,232986410,上櫃,其他電子業,其他電子業,31
4556,旭然國際股份有限公司,旭然,20,423028400,上櫃,其他,其他,20
4558,寶緯工業股份有限公司,寶緯,05,500000000,上櫃,電機機械,電機機械,05
4561,健椿工業股份有限公司,健椿,05,585216190,上櫃,電機機械,電機機械,05
4563,百德機械股份有限公司,百德,05,549500000,上櫃,電機機械,電機機械,05
4568,科際精密股份有限公司,科際精密,05,317811250,上櫃,電機機械,電機機械,05
4577,達航科技股份有限公司,達航科技,31,491379980,上櫃,其他電子業,其他電子業,31
4580,捷流閥業股份有限公司,捷流閥業,05,447861370,上櫃,電機機械,電機機械,05
4584,君帆工業股份有限公司,君帆,05,300024000,上櫃,電機機械,電機機械,05
4609,唐鋒實業股份有限公司,唐鋒,38,479468200,上櫃,居家生活,居家生活,38
4702,中美聯合實業股份有限公司,中美實,38,723332000,上櫃,居家生活,居家生活,38
4706,大恭化學工業股份有限公司,大恭,21,790300930,上櫃,化學工業,化學工業,21
4707,磐亞股份有限公司,磐亞,21,4037152700,上櫃,化學工業,化學工業,21
4711,永純化學工業股份有限公司,永純,21,610560000,上櫃,化學工業,化學工業,21
4714,永捷創新科技股份有限公司,永捷,21,1780881880,上櫃,化學工業,化學工業,21
4716,大立高分子工業股份有限公司,大立,21,895044460,上櫃,化學工業,化學工業,21
4721,美琪瑪國際股份有限公司,美琪瑪,21,749863040,上櫃,化學工業,化學工業,21
4726,永昕生物醫藥股份有限公司,永昕,22,2071113000,上櫃,生技醫療業,生技醫療業,22
4728,雙美生物科技股份有限公司,雙美,22,544630000,上櫃,生技醫療業,生技醫療業,22
4729,熒茂光學股份有限公司,熒茂,26,777267410,上櫃,光電業,光電業,26
4735,豪展醫療科技股份有限公司,豪展,22,415687580,上櫃,生技醫療業,生技醫療業,22
4741,泓瀚科技股份有限公司,泓瀚,21,328415840,上櫃,化學工業,化學工業,21
4743,合一生技股份有限公司,合一,22,4792964860,上櫃,生技醫療業,生技醫療業,22
4744,皇將科技股份有限公司,皇將,22,549843320,上櫃,生技醫療業,生技醫療業,22
4745,合富醫療控股股份有限公司,合富-KY,22,20051104,上櫃,生技醫療業,生技醫療業,22
4747,強生化學製藥廠股份有限公司,強生製藥,22,新台幣                 10.0000元,上櫃,生技醫療業,生技醫療業,22
4749,新應材股份有限公司,新應材,24,927328650,上櫃,半導體業,半導體業,24
4754,國碳科技股份有限公司,國碳科,21,302832150,上櫃,化學工業,化學工業,21
4760,勤凱科技股份有限公司,勤凱科技,31,307126500,上櫃,其他電子業,其他電子業,31
4767,誠泰工業科技股份有限公司,誠泰科技,21,314150000,上櫃,化學工業,化學工業,21
4768,晶呈科技股份有限公司,晶呈科技,21,452266380,上櫃,化學工業,化學工業,21
4772,台灣特品化學股份有限公司,台特化,21,1476815520,上櫃,化學工業,化學工業,21
4804,大略國際控股有限公司,大略-KY,16,490029200,上櫃,觀光事業,觀光事業,16
4806,桂田文創娛樂股份有限公司,桂田文創,32,1998941850,上櫃,--,文化創意業,32
4903,聯合光纖通信股份有限公司,聯光通,27,1053437140,上櫃,通信網路業,通信網路業,27
4905,台聯電訊股份有限公司,台聯電,27,292600440,上櫃,通信網路業,通信網路業,27
4907,富宇地產股份有限公司,富宇,14,1181457780,上櫃,建材營造,建材營造,14
4908,前鼎光電股份有限公司,前鼎,27,782169070,上櫃,通信網路業,通信網路業,27
4909,新復興微波通訊股份有限公司,新復興,27,933568640,上櫃,通信網路業,通信網路業,27
4911,德英生物科技股份有限公司,德英,22,589996000,上櫃,生技醫療業,生技醫療業,22
4923,力士科技股份有限公司,力士,24,338908000,上櫃,半導體業,半導體業,24
4924,欣厚科技股份有限公司,欣厚-KY,25,371644090,上櫃,電腦及週邊設備業,電腦及週邊設備業,25
4931,新盛力科技股份有限公司,新盛力,25,656477610,上櫃,電腦及週邊設備業,電腦及週邊設備業,25
4933,友輝光電股份有限公司,友輝,26,819306750,上櫃,光電業,光電業,26
4939,亞洲電材股份有限公司,亞電,28,982008680,上櫃,電子零組件業,電子零組件業,28
4945,陞達科技股份有限公司,陞達科技,24,300218000,上櫃,半導體業,半導體業,24
4946,紅心辣椒娛樂科技股份有限公司,辣椒,32,78109460,上櫃,--,文化創意業,32
4950,金耘國際股份有限公司,金耘國際,10,1467597500,上櫃,鋼鐵工業,鋼鐵工業,10
4951,精拓科技股份有限公司,精拓科,24,341487130,上櫃,半導體業,半導體業,24
4953,緯創軟體股份有限公司,緯軟,30,729651960,上櫃,資訊服務業,資訊服務業,30
4966,譜瑞科技股份有限公司,譜瑞-KY,24,20051115,上櫃,半導體業,半導體業,24
4971,英特磊科技股份有限公司,IET-KY,24,+1-9722340068,上櫃,半導體業,半導體業,24
4972,湯石照明科技股份有限公司,湯石照明,26,574965870,上櫃,光電業,光電業,26
4973,廣穎電通股份有限公司,廣穎電通,24,653928430,上櫃,半導體業,半導體業,24
4974,亞泰影像科技股份有限公司,亞泰,28,725001040,上櫃,電子零組件業,電子零組件業,28
4979,華星光通科技股份有限公司,華星光,27,1408397940,上櫃,通信網路業,通信網路業,27
4987,科誠股份有限公司,科誠,25,318780000,上櫃,電腦及週邊設備業,電腦及週邊設備業,25
4991,環宇通訊半導體控股股份有限公司,環宇-KY,24,02-87986922,上櫃,半導體業,半導體業,24
4995,晶達光電股份有限公司,晶達,26,423360360,上櫃,光電業,光電業,26
5009,榮剛材料科技股份有限公司,榮剛,10,6024711970,上櫃,鋼鐵工業,鋼鐵工業,10
5011,久陽精密股份有限公司,久陽,10,1006697380,上櫃,鋼鐵工業,鋼鐵工業,10
5013,強新工業股份有限公司,強新,10,1334160000,上櫃,鋼鐵工業,鋼鐵工業,10
5014,建錩實業股份有限公司,建錩,10,1853330540,上櫃,鋼鐵工業,鋼鐵工業,10
5015,華祺工業股份有限公司,華祺,10,606391890,上櫃,鋼鐵工業,鋼鐵工業,10
5016,松和工業股份有限公司,松和,10,496220760,上櫃,鋼鐵工業,鋼鐵工業,10
5201,凱衛資訊股份有限公司,凱衛,30,306746000,上櫃,資訊服務業,資訊服務業,30
5202,力新國際科技股份有限公司,力新,30,890940000,上櫃,資訊服務業,資訊服務業,30
5205,中茂能資系統整合科技(股)公司,中茂,35,135000000,上櫃,綠能環保,綠能環保,35
5206,坤悅開發股份有限公司,坤悅,14,1559250000,上櫃,建材營造,建材營造,14
5209,新鼎系統股份有限公司,新鼎,20,284271030,上櫃,其他,其他,20
5210,寶碩財務科技股份有限公司,寶碩,30,821777790,上櫃,資訊服務業,資訊服務業,30
5211,蒙恬科技股份有限公司,蒙恬,30,320247270,上櫃,資訊服務業,資訊服務業,30
5212,凌網科技股份有限公司,凌網,30,346330000,上櫃,資訊服務業,資訊服務業,30
5213,亞昕國際開發股份有限公司,亞昕,14,6696290980,上櫃,建材營造,建材營造,14
5220,萬達光電科技股份有限公司,萬達光電,26,396670000,上櫃,光電業,光電業,26
5223,安力國際股份有限公司,安力-KY,25,445497810,上櫃,電腦及週邊設備業,電腦及週邊設備業,25
5227,蓋曼立凱電能科技(股)公司,立凱-KY,28,680000000,上櫃,電子零組件業,電子零組件業,28
5228,鈺鎧科技股份有限公司,鈺鎧,28,380562530,上櫃,電子零組件業,電子零組件業,28
5230,雷笛克光學股份有限公司,雷笛克光學,26,573747300,上櫃,光電業,光電業,26
5236,凌陽創新科技股份有限公司,凌陽創新,24,584435940,上櫃,半導體業,半導體業,24
5245,智晶光電股份有限公司,智晶,26,449900000,上櫃,光電業,光電業,26
5251,天鉞電子股份有限公司,天鉞電,26,356293770,上櫃,光電業,光電業,26
5263,智崴資訊科技股份有限公司,智崴,32,705580880,上櫃,--,文化創意業,32
5272,笙科電子股份有限公司,笙科,24,552761180,上櫃,半導體業,半導體業,24
5274,信驊科技股份有限公司,信驊,24,378206790,上櫃,半導體業,半導體業,24
5276,達輝股份有限公司,達輝-KY,20,20111201,上櫃,其他,其他,20
5278,尚凡國際創新科技股份有限公司,尚凡*,36,300000000,上櫃,數位雲端,數位雲端,36
5287,數字科技股份有限公司,數字,36,603140500,上櫃,數位雲端,數位雲端,36
5289,宜鼎國際股份有限公司,宜鼎,25,915745950,上櫃,電腦及週邊設備業,電腦及週邊設備業,25
5291,邑昇實業股份有限公司,邑昇,28,409256060,上櫃,電子零組件業,電子零組件業,28
5299,杰力科技股份有限公司,杰力,24,508889810,上櫃,半導體業,半導體業,24
5301,寶得利國際股份有限公司,寶得利,16,1427525710,上櫃,觀光事業,觀光事業,16
5302,太欣半導體股份有限公司,太欣,24,1598883490,上櫃,半導體業,半導體業,24
5309,系統電子工業股份有限公司,系統電,28,1917813750,上櫃,電子零組件業,電子零組件業,28
5310,天剛資訊股份有限公司,天剛,30,289435170,上櫃,資訊服務業,資訊服務業,30
5312,寶島光學科技股份有限公司,寶島科,22,600598980,上櫃,生技醫療業,生技醫療業,22
5314,世紀民生科技股份有限公司,世紀*,20,147000000,上櫃,其他,其他,20
5315,光聯科技股份有限公司,光聯,26,1063518320,上櫃,光電業,光電業,26
5321,美而快國際股份有限公司,美而快,36,531798020,上櫃,數位雲端,數位雲端,36
5324,士林開發股份有限公司,士開,14,2263790900,上櫃,建材營造,建材營造,14
5328,華容股份有限公司,華容,28,1727107240,上櫃,電子零組件業,電子零組件業,28
5340,建榮工業材料股份有限公司,建榮,28,1948939640,上櫃,電子零組件業,電子零組件業,28
5344,立衛科技股份有限公司,立衛,24,794474600,上櫃,半導體業,半導體業,24
5345,馥鴻建設股份有限公司,馥鴻,20,377950000,上櫃,其他,其他,20
5347,世界先進積體電路股份有限公司,世界,24,18676444720,上櫃,半導體業,半導體業,24
5348,正能量智能股份有限公司,正能量智能,37,147759170,上櫃,運動休閒,運動休閒,37
5351,鈺創科技股份有限公司,鈺創,24,3255957810,上櫃,半導體業,半導體業,24
5353,台林電通股份有限公司,台林,27,751980000,上櫃,通信網路業,通信網路業,27
5355,佳總興業股份有限公司,佳總,28,1661227920,上櫃,電子零組件業,電子零組件業,28
5356,協益電子股份有限公司,協益,25,1030400000,上櫃,電腦及週邊設備業,電腦及週邊設備業,25
5364,力麗觀光開發股份有限公司,力麗店,16,638499400,上櫃,觀光事業,觀光事業,16
5371,中強光電股份有限公司,中光電,26,3909811100,上櫃,光電業,光電業,26
5381,合正科技股份有限公司,合正,28,2437268370,上櫃,電子零組件業,電子零組件業,28
5386,青雲國際科技股份有限公司,青雲,25,317112990,上櫃,電腦及週邊設備業,電腦及週邊設備業,25
5392,能率創新股份有限公司,能率,26,1689589900,上櫃,光電業,光電業,26
5398,慕康生技醫藥股份有限公司,慕康生醫,20,494654600,上櫃,其他,其他,20
5403,中菲電腦股份有限公司,中菲,30,762214950,上櫃,資訊服務業,資訊服務業,30
5410,國眾電腦股份有限公司,國眾,30,913241230,上櫃,資訊服務業,資訊服務業,30
5425,台灣半導體股份有限公司,台半,24,2634854860,上櫃,半導體業,半導體業,24
5426,振發實業股份有限公司,振發,25,1438000000,上櫃,電腦及週邊設備業,電腦及週邊設備業,25
5432,新門科技股份有限公司,新門,35,206878040,上櫃,綠能環保,綠能環保,35
5438,東友科技股份有限公司,東友,25,1125365650,上櫃,電腦及週邊設備業,電腦及週邊設備業,25
5439,高技企業股份有限公司,高技,28,929757520,上櫃,電子零組件業,電子零組件業,28
5443,均豪精密工業股份有限公司,均豪,24,1651361440,上櫃,半導體業,半導體業,24
5450,南良國際股份有限公司,南良,20,1224032390,上櫃,其他,其他,20
5452,佶優科技股份有限公司,佶優,31,1487636690,上櫃,其他電子業,其他電子業,31
5455,昇益開發股份有限公司,昇益,14,655018130,上櫃,建材營造,建材營造,14
5457,宣德科技股份有限公司,宣德,28,1747925000,上櫃,電子零組件業,電子零組件業,28
5460,同協電子股份有限公司,同協,28,587781300,上櫃,電子零組件業,電子零組件業,28
5464,霖宏科技股份有限公司,霖宏,28,710714900,上櫃,電子零組件業,電子零組件業,28
5465,富驊企業股份有限公司,富驊,25,1476826290,上櫃,電腦及週邊設備業,電腦及週邊設備業,25
5468,凱鈺科技股份有限公司,凱鈺,24,358229090,上櫃,半導體業,半導體業,24
5474,聰泰科技開發股份有限公司,聰泰,25,397569440,上櫃,電腦及週邊設備業,電腦及週邊設備業,25
5475,德宏工業股份有限公司,德宏,28,1271270170,上櫃,電子零組件業,電子零組件業,28
5478,智冠科技股份有限公司,智冠,32,1560743320,上櫃,--,文化創意業,32
5481,新華泰富股份有限公司,新華,20,714028910,上櫃,其他,其他,20
5483,中美矽晶製品股份有限公司,中美晶,24,6412216510,上櫃,半導體業,半導體業,24
5487,通泰積體電路股份有限公司,通泰,24,242225160,上櫃,半導體業,半導體業,24
5488,松普科技股份有限公司,松普,28,915861240,上櫃,電子零組件業,電子零組件業,28
5489,彩富電子股份有限公司,彩富,31,1027064410,上櫃,其他電子業,其他電子業,31
5490,同亨科技股份有限公司,同亨,25,961522010,上櫃,電腦及週邊設備業,電腦及週邊設備業,25
5493,三聯科技股份有限公司,三聯,31,436892550,上櫃,其他電子業,其他電子業,31
5498,凱崴電子股份有限公司,凱崴,28,1924485450,上櫃,電子零組件業,電子零組件業,28
5508,永信建設開發股份有限公司,永信建,14,2174281330,上櫃,建材營造,建材營造,14
5511,德昌營造股份有限公司,德昌,14,1134400000,上櫃,建材營造,建材營造,14
5512,力麒建設股份有限公司,力麒,14,7663124940,上櫃,建材營造,建材營造,14
5514,三豐建設股份有限公司,三豐,14,2270368070,上櫃,建材營造,建材營造,14
5516,雙喜營造股份有限公司,雙喜,14,515452230,上櫃,建材營造,建材營造,14
5520,力泰建設企業股份有限公司,力泰,14,599752450,上櫃,建材營造,建材營造,14
5523,豐謙建設股份有限公司,豐謙,14,1550014640,上櫃,建材營造,建材營造,14
5529,鉅陞國際開發股份有限公司,鉅陞,14,1018374810,上櫃,建材營造,建材營造,14
5530,龍巖股份有限公司,龍巖,20,4200841990,上櫃,其他,其他,20
5536,聖暉工程科技股份有限公司,聖暉*,31,620404650,上櫃,其他電子業,其他電子業,31
5543,桓鼎股份有限公司,桓鼎-KY,14,新台幣                 10.0000元,上櫃,建材營造,建材營造,14
5548,安倉營造股份有限公司,安倉,14,564565000,上櫃,建材營造,建材營造,14
5601,臺聯貨櫃通運股份有限公司,台聯櫃,15,648000000,上櫃,航運業,航運業,15
5603,陸海股份有限公司,陸海,15,1048766070,上櫃,航運業,航運業,15
5604,中連誠企業股份有限公司,中連,20,1087829680,上櫃,其他,其他,20
5609,中菲行國際物流股份有限公司,中菲行,15,1428840000,上櫃,航運業,航運業,15
5701,劍湖山世界股份有限公司,劍湖山,16,1430000000,上櫃,觀光事業,觀光事業,16
5703,亞都麗緻大飯店股份有限公司,亞都麗緻,16,702395940,上櫃,觀光事業,觀光事業,16
5704,知本老爺大酒店股份有限公司,老爺知,16,388616580,上櫃,觀光事業,觀光事業,16
5864,致和證券股份有限公司,致和證,17,4208292340,上櫃,金融保險,金融業,17
5878,台名保險經紀人股份有限公司,台名,17,250243030,上櫃,金融保險,金融業,17
5902,德記洋行股份有限公司,德記,38,945000000,上櫃,居家生活,居家生活,38
5903,全家便利商店股份有限公司,全家,38,2232200000,上櫃,居家生活,居家生活,38
5904,寶雅國際股份有限公司,寶雅,38,1049362160,上櫃,居家生活,居家生活,38
5905,南仁湖育樂股份有限公司,南仁湖,16,2816232350,上櫃,觀光事業,觀光事業,16
6015,宏遠證券股份有限公司,宏遠證,17,3919056820,上櫃,金融保險,金融業,17
6016,康和綜合證券股份有限公司,康和證,17,6241777350,上櫃,金融保險,金融業,17
6020,大展證券股份有限公司,大展證,17,2523531540,上櫃,金融保險,金融業,17
6021,美好證券股份有限公司,美好證,17,3125809740,上櫃,金融保險,金融業,17
6023,元大期貨股份有限公司,元大期貨,17,3199762880,上櫃,金融保險,金融業,17
6026,福邦證券股份有限公司,福邦證,17,3961618410,上櫃,金融保險,金融業,17
6101,寬魚國際股份有限公司,寬魚國際,32,1164223710,上櫃,--,文化創意業,32
6103,合邦電子股份有限公司,合邦,24,136048910,上櫃,半導體業,半導體業,24
6104,創惟科技股份有限公司,創惟,24,909456540,上櫃,半導體業,半導體業,24
6109,亞元科技股份有限公司,亞元,27,678254140,上櫃,通信網路業,通信網路業,27
6111,大宇資訊股份有限公司,大宇資,32,1091110510,上櫃,--,文化創意業,32
6113,亞矽科技股份有限公司,亞矽,29,525494550,上櫃,電子通路業,電子通路業,29
6114,久威國際股份有限公司,久威,28,439119370,上櫃,電子零組件業,電子零組件業,28
6118,建達國際股份有限公司,建達,29,908895730,上櫃,電子通路業,電子通路業,29
6121,新普科技股份有限公司,新普,25,1849705190,上櫃,電腦及週邊設備業,電腦及週邊設備業,25
6122,擎邦國際科技工程股份有限公司,擎邦,05,780916320,上櫃,電機機械,電機機械,05
6123,上奇科技股份有限公司,上奇,30,620894300,上櫃,資訊服務業,資訊服務業,30
6124,業強科技股份有限公司,業強,28,1824799450,上櫃,電子零組件業,電子零組件業,28
6125,廣運機械工程股份有限公司,廣運,26,2590111500,上櫃,光電業,光電業,26
6126,信音企業股份有限公司,信音,28,1278269060,上櫃,電子零組件業,電子零組件業,28
6127,九豪精密陶瓷股份有限公司,九豪,28,1080797510,上櫃,電子零組件業,電子零組件業,28
6129,普誠科技股份有限公司,普誠,24,1809436750,上櫃,半導體業,半導體業,24
6130,上亞科技股份有限公司,上亞科技,22,443000000,上櫃,生技醫療業,生技醫療業,22
6134,萬旭電業股份有限公司,萬旭,28,818821170,上櫃,電子零組件業,電子零組件業,28
6138,茂達電子股份有限公司,茂達,24,746570000,上櫃,半導體業,半導體業,24
6140,訊達電腦股份有限公司,訊達電腦,30,499070540,上櫃,資訊服務業,資訊服務業,30
6143,振曜科技股份有限公司,振曜,27,860588970,上櫃,通信網路業,通信網路業,27
6144,得利影視股份有限公司,得利影,32,382737010,上櫃,--,文化創意業,32
6146,耕興股份有限公司,耕興,31,1018671990,上櫃,其他電子業,其他電子業,31
6147,頎邦科技股份有限公司,頎邦,24,7446335390,上櫃,半導體業,半導體業,24
6148,驊宏資通股份有限公司,驊宏資,30,466037570,上櫃,資訊服務業,資訊服務業,30
6150,撼訊科技股份有限公司,撼訊,25,483459850,上櫃,電腦及週邊設備業,電腦及週邊設備業,25
6151,晉倫科技股份有限公司,晉倫,31,552573000,上櫃,其他電子業,其他電子業,31
6154,順發電腦股份有限公司,順發,29,800800000,上櫃,電子通路業,電子通路業,29
6156,松上電子股份有限公司,松上,28,1078750100,上櫃,電子零組件業,電子零組件業,28
6158,禾昌興業股份有限公司,禾昌,28,549792880,上櫃,電子零組件業,電子零組件業,28
6160,欣技資訊股份有限公司,欣技,25,684891200,上櫃,電腦及週邊設備業,電腦及週邊設備業,25
6161,捷波資訊股份有限公司,捷波,25,562374770,上櫃,電腦及週邊設備業,電腦及週邊設備業,25
6163,華電聯網股份有限公司,華電網,27,1420302340,上櫃,通信網路業,通信網路業,27
6167,久正光電股份有限公司,久正,26,1621732210,上櫃,光電業,光電業,26
6169,昱泉國際股份有限公司,昱泉,32,233949600,上櫃,--,文化創意業,32
6170,統振股份有限公司,統振,27,972600380,上櫃,通信網路業,通信網路業,27
6171,大城地產股份有限公司,大城地產,14,1000000000,上櫃,建材營造,建材營造,14
6173,信昌電子陶瓷股份有限公司,信昌電,28,1720000000,上櫃,電子零組件業,電子零組件業,28
6174,安科技股份有限公司,安,28,500000000,上櫃,電子零組件業,電子零組件業,28
6175,立敦科技(股)有限公司,立敦,28,1505718120,上櫃,電子零組件業,電子零組件業,28
6179,亞通利大能源股份有限公司,亞通,20,1166692490,上櫃,其他,其他,20
6180,遊戲橘子數位科技股份有限公司,橘子,32,1754935730,上櫃,--,文化創意業,32
6182,合晶科技股份有限公司,合晶,24,5737967300,上櫃,半導體業,半導體業,24
6185,幃翔精密股份有限公司,幃翔,28,1498675310,上櫃,電子零組件業,電子零組件業,28
6186,新潤興業股份有限公司,新潤,14,1724846000,上櫃,建材營造,建材營造,14
6187,萬潤科技股份有限公司,萬潤,24,968823150,上櫃,半導體業,半導體業,24
6188,廣明光電股份有限公司,廣明,25,2783589100,上櫃,電腦及週邊設備業,電腦及週邊設備業,25
6190,萬泰科技股份有限公司,萬泰科,27,1705901920,上櫃,通信網路業,通信網路業,27
6194,育富電子股份有限公司,育富,28,480000000,上櫃,電子零組件業,電子零組件業,28
6195,詩肯股份有限公司,詩肯,38,501929420,上櫃,居家生活,居家生活,38
6198,瑞築建設股份有限公司,瑞築,14,1714003500,上櫃,建材營造,建材營造,14
6199,天品聯合企業股份有限公司,天品,20,617600180,上櫃,其他,其他,20
6203,海韻電子工業股份有限公司,海韻電,28,824063700,上櫃,電子零組件業,電子零組件業,28
6204,台灣艾華電子工業股份有限公司,艾華,28,231020800,上櫃,電子零組件業,電子零組件業,28
6207,雷科股份有限公司,雷科,28,796799100,上櫃,電子零組件業,電子零組件業,28
6208,日揚科技股份有限公司,日揚,24,945613430,上櫃,半導體業,半導體業,24
6210,慶生電子股份有限公司,慶生,28,350480000,上櫃,電子零組件業,電子零組件業,28
6212,理銘開發股份有限公司,理銘,14,1020000000,上櫃,建材營造,建材營造,14
6217,中國探針股份有限公司,中探針,28,1181080180,上櫃,電子零組件業,電子零組件業,28
6218,豪勉科技股份有限公司,豪勉,27,642620000,上櫃,通信網路業,通信網路業,27
6219,富旺國際開發股份有限公司,富旺,14,1190162760,上櫃,建材營造,建材營造,14
6220,岳豐科技股份有限公司,岳豐,28,1464626400,上櫃,電子零組件業,電子零組件業,28
6221,晉泰科技股份有限公司,晉泰,30,1248823750,上櫃,資訊服務業,資訊服務業,30
6222,立軒國際建設股份有限公司,立軒,26,595888780,上櫃,光電業,光電業,26
6223,旺矽科技股份有限公司,旺矽,24,942311060,上櫃,半導體業,半導體業,24
6227,茂綸股份有限公司,茂綸,29,761117860,上櫃,電子通路業,電子通路業,29
6228,全譜科技股份有限公司,全譜,25,260000000,上櫃,電腦及週邊設備業,電腦及週邊設備業,25
6229,研通科技股份有限公司,研通,24,403607000,上櫃,半導體業,半導體業,24
6231,系微股份有限公司,系微,30,456521860,上櫃,資訊服務業,資訊服務業,30
6233,旺玖科技股份有限公司,旺玖,24,810818960,上櫃,半導體業,半導體業,24
6234,高僑自動化科技股份有限公司,高僑,26,1003863980,上櫃,光電業,光電業,26
6236,中湛股份有限公司,中湛,20,416540390,上櫃,其他,其他,20
6237,驊訊電子企業股份有限公司,驊訊,24,796453710,上櫃,半導體業,半導體業,24
6240,松崗國際興業股份有限公司,松崗,30,228673700,上櫃,資訊服務業,資訊服務業,30
6241,易通展科技股份有限公司(原享承),易通展,27,487000000,上櫃,通信網路業,通信網路業,27
6242,立康生醫事業股份有限公司,立康,22,318065000,上櫃,生技醫療業,生技醫療業,22
6244,茂迪股份有限公司,茂迪,26,3870418750,上櫃,光電業,光電業,26
6245,立端科技股份有限公司,立端,27,1466083030,上櫃,通信網路業,通信網路業,27
6246,臺龍電子股份有限公司,臺龍,26,378514150,上櫃,光電業,光電業,26
6248,沛波鋼鐵股份有限公司,沛波,10,999561490,上櫃,鋼鐵工業,鋼鐵工業,10
6259,百徽股份有限公司,百徽,28,250932300,上櫃,電子零組件業,電子零組件業,28
6261,久元電子股份有限公司,久元,24,1284979890,上櫃,半導體業,半導體業,24
6263,普萊德科技股份有限公司,普萊德,27,625009640,上櫃,通信網路業,通信網路業,27
6264,富裔實業股份有限公司,富裔,14,1363552910,上櫃,建材營造,建材營造,14
6265,方方土昶股份有限公司,方方土昶,29,1181721510,上櫃,電子通路業,電子通路業,29
6266,泰詠電子股份有限公司,泰詠,28,1450068340,上櫃,電子零組件業,電子零組件業,28
6270,倍微科技股份有限公司,倍微,29,721457590,上櫃,電子通路業,電子通路業,29
6274,台燿科技股份有限公司,台燿,28,2762221630,上櫃,電子零組件業,電子零組件業,28
6275,元山科技工業股份有限公司,元山,28,786357330,上櫃,電子零組件業,電子零組件業,28
6276,安鈦克科技股份有限公司,安鈦克,25,220430000,上櫃,電腦及週邊設備業,電腦及週邊設備業,25
6279,胡連精密股份有限公司,胡連,28,1133483200,上櫃,電子零組件業,電子零組件業,28
6284,佳邦科技股份有限公司,佳邦,28,1489803410,上櫃,電子零組件業,電子零組件業,28
6287,元隆電子股份有限公司,元隆,24,1214506150,上櫃,半導體業,半導體業,24
6290,良維科技股份有限公司,良維,28,1590887240,上櫃,電子零組件業,電子零組件業,28
6291,沛亨半導體股份有限公司,沛亨,24,420000000,上櫃,半導體業,半導體業,24
6292,迅德興業股份有限公司,迅德,28,466007120,上櫃,電子零組件業,電子零組件業,28
6294,智基科技開發股份有限公司,智基,32,245727410,上櫃,--,文化創意業,32
6411,晶焱科技股份有限公司,晶焱,24,992538310,上櫃,半導體業,半導體業,24
6417,韋僑科技股份有限公司,韋僑,27,422740000,上櫃,通信網路業,通信網路業,27
6418,詠昇電子股份有限公司,詠昇,28,345220000,上櫃,電子零組件業,電子零組件業,28
6419,京晨科技股份有限公司,京晨科,26,131591700,上櫃,光電業,光電業,26
6425,易發精機股份有限公司,易發,05,486020000,上櫃,電機機械,電機機械,05
6432,今展科技股份有限公司,今展科,28,322417710,上櫃,電子零組件業,電子零組件業,28
6435,大中積體電路股份有限公司,大中,24,374763000,上櫃,半導體業,半導體業,24
6441,廣錠科技股份有限公司,廣錠,25,533184290,上櫃,電腦及週邊設備業,電腦及週邊設備業,25
6461,益得生物科技股份有限公司,益得,22,1379440000,上櫃,生技醫療業,生技醫療業,22
6462,神盾股份有限公司,神盾,24,912507540,上櫃,半導體業,半導體業,24
6465,威潤科技股份有限公司,威潤,27,518997460,上櫃,通信網路業,通信網路業,27
6469,大樹醫藥股份有限公司,大樹,22,1322389630,上櫃,生技醫療業,生技醫療業,22
6470,宇智網通股份有限公司,宇智,27,376941000,上櫃,通信網路業,通信網路業,27
6482,弘煜科技事業股份有限公司,弘煜科,32,238620530,上櫃,--,文化創意業,32
6485,點序科技股份有限公司,點序,24,451515080,上櫃,半導體業,半導體業,24
6486,互動國際數位股份有限公司,互動,27,508932860,上櫃,通信網路業,通信網路業,27
6488,環球晶圓股份有限公司,環球晶,24,4781137250,上櫃,半導體業,半導體業,24
6492,生華生物科技股份有限公司,生華科,22,897036200,上櫃,生技醫療業,生技醫療業,22
6494,九齊科技股份有限公司,九齊,24,315596900,上櫃,半導體業,半導體業,24
6496,科懋生物科技股份有限公司,科懋,22,475552310,上櫃,生技醫療業,生技醫療業,22
6498,久禾光電股份有限公司,久禾光,26,467428920,上櫃,光電業,光電業,26
6499,益安生醫股份有限公司,益安,22,922448930,上櫃,生技醫療業,生技醫療業,22
6506,雙邦實業股份有限公司,雙邦,04,823608260,上櫃,紡織纖維,紡織纖維,04
6508,惠光股份有限公司,惠光,33,865388640,上櫃,--,農業科技業,33
6509,聚和國際股份有限公司,聚和,21,1994903260,上櫃,化學工業,化學工業,21
6510,中華精測科技股份有限公司,精測,24,327890220,上櫃,半導體業,半導體業,24
6512,啟發電子股份有限公司,啟發電,31,252600000,上櫃,其他電子業,其他電子業,31
6516,勤崴國際科技股份有限公司,勤崴國際,30,563369350,上櫃,資訊服務業,資訊服務業,30
6517,保勝光學股份有限公司,保勝光學,26,305790530,上櫃,光電業,光電業,26
6523,達爾膚生醫科技股份有限公司,達爾膚,22,450476250,上櫃,生技醫療業,生技醫療業,22
6527,明達醫學科技股份有限公司,明達醫,22,254585500,上櫃,生技醫療業,生技醫療業,22
6530,創威光電股份有限公司,創威,27,337500000,上櫃,通信網路業,通信網路業,27
6532,瑞耘科技股份有限公司,瑞耘,24,374451470,上櫃,半導體業,半導體業,24
6535,順天醫藥生技股份有限公司,順藥,22,1688168250,上櫃,生技醫療業,生技醫療業,22
6538,倉和股份有限公司,倉和,28,380940000,上櫃,電子零組件業,電子零組件業,28
6542,隆中網絡股份有限公司,隆中,32,420006300,上櫃,--,文化創意業,32
6546,正基科技股份有限公司,正基,27,668484490,上櫃,通信網路業,通信網路業,27
6547,高端疫苗生物製劑股份有限公司,高端疫苗,22,3287490500,上櫃,生技醫療業,生技醫療業,22
6548,長華科技股份有限公司,長科*,24,380195480,上櫃,半導體業,半導體業,24
6556,勝品電通股份有限公司,勝品,26,287500000,上櫃,光電業,光電業,26
6560,欣普羅光電股份有限公司,欣普羅,26,258747150,上櫃,光電業,光電業,26
6561,是方電訊股份有限公司,是方,27,779583700,上櫃,通信網路業,通信網路業,27
6568,宏觀微電子股份有限公司,宏觀,24,310080000,上櫃,半導體業,半導體業,24
6569,醫揚科技股份有限公司,醫揚,22,390147450,上櫃,生技醫療業,生技醫療業,22
6570,維田科技股份有限公司,維田,25,371191700,上櫃,電腦及週邊設備業,電腦及週邊設備業,25
6574,霈方國際股份有限公司,霈方,22,219900000,上櫃,生技醫療業,生技醫療業,22
6576,逸達生物科技股份有限公司,逸達,22,1548486660,上櫃,生技醫療業,生技醫療業,22
6577,勁豐電子股份有限公司,勁豐,25,600601450,上櫃,電腦及週邊設備業,電腦及週邊設備業,25
6578,達邦蛋白生技股份有限公司,達邦蛋白,33,719419010,上櫃,--,農業科技業,33
6584,南俊國際股份有限公司,南俊國際,28,659552000,上櫃,電子零組件業,電子零組件業,28
6588,東典光電科技股份有限公司,東典光電,27,347008250,上櫃,通信網路業,通信網路業,27
6589,台康生技股份有限公司,台康生技,22,3062161660,上櫃,生技醫療業,生技醫療業,22
6590,普鴻資訊股份有限公司,普鴻,30,217652500,上櫃,資訊服務業,資訊服務業,30
6593,台灣銘板股份有限公司,台灣銘板,30,252031520,上櫃,資訊服務業,資訊服務業,30
6596,寬宏藝術經紀股份有限公司,寬宏藝術,32,380000000,上櫃,--,文化創意業,32
6597,立誠光電股份有限公司,立誠,28,300422500,上櫃,電子零組件業,電子零組件業,28
6603,富強鑫精密工業股份有限公司,富強鑫,05,1656400640,上櫃,電機機械,電機機械,05
6609,台灣瀧澤科技股份有限公司,瀧澤科,05,724562460,上櫃,電機機械,電機機械,05
6612,應用奈米醫材科技股份有限公司,奈米醫材,22,430764400,上櫃,生技醫療業,生技醫療業,22
6613,朋億股份有限公司,朋億*,31,389007425,上櫃,其他電子業,其他電子業,31
6615,慧智基因股份有限公司,慧智,22,215934000,上櫃,生技醫療業,生技醫療業,22
6616,特昇國際股份有限公司,特昇-KY,38,20160614,上櫃,居家生活,居家生活,38
6617,共信醫藥科技控股股份有限公司,共信-KY,22,20240618,上櫃,生技醫療業,生技醫療業,22
6624,萬年清環境工程股份有限公司,萬年清,35,208800000,上櫃,綠能環保,綠能環保,35
6629,泰金投資控股股份有限公司,泰金-KY,38,383161660,上櫃,居家生活,居家生活,38
6637,醫影股份有限公司,醫影,22,268100000,上櫃,生技醫療業,生技醫療業,22
6640,均華精密工業股份有限公司,均華,24,282765000,上櫃,半導體業,半導體業,24
6642,富致科技股份有限公司,富致,28,373996620,上櫃,電子零組件業,電子零組件業,28
6643,&#20870;星科技股份有限公司,M31,24,417981600,上櫃,半導體業,半導體業,24
6649,台灣生醫材料股份有限公司,台生材,22,420000000,上櫃,生技醫療業,生技醫療業,22
6651,全宇昕科技股份有限公司,全宇昕,24,346015410,上櫃,半導體業,半導體業,24
6654,天正國際精密機械股份有限公司,天正國際,31,369627200,上櫃,其他電子業,其他電子業,31
6661,威健股份有限公司,威健生技,22,233042480,上櫃,生技醫療業,生技醫療業,22
6662,樂斯科生物科技股份有限公司,樂斯科,22,256124000,上櫃,生技醫療業,生技醫療業,22
6664,群翊工業股份有限公司,群翊,28,607933810,上櫃,電子零組件業,電子零組件業,28
6667,信紘科技股份有限公司,信紘科,31,461788780,上櫃,其他電子業,其他電子業,31
6679,鈺太科技股份有限公司,鈺太,24,549753350,上櫃,半導體業,半導體業,24
6680,鑫創電子股份有限公司,鑫創電子,25,233724040,上櫃,電腦及週邊設備業,電腦及週邊設備業,25
6683,雍智科技股份有限公司,雍智科技,24,273771610,上櫃,半導體業,半導體業,24
6684,安格科技股份有限公司,安格,24,445594960,上櫃,半導體業,半導體業,24
6690,安資訊股份有限公司,安資訊,36,299997200,上櫃,數位雲端,數位雲端,36
6692,進金生能源服務股份有限公司,進能服,35,587763900,上櫃,綠能環保,綠能環保,35
6693,廣閎科技股份有限公司,廣閎科,24,457200000,上櫃,半導體業,半導體業,24
6697,東捷資訊服務股份有限公司,東捷資訊,30,273233640,上櫃,資訊服務業,資訊服務業,30
6703,軒郁國際股份有限公司,軒郁,22,300080240,上櫃,生技醫療業,生技醫療業,22
6708,天擎積體電路股份有限公司,天擎,24,290087790,上櫃,半導體業,半導體業,24
6712,長聖國際生技股份有限公司,長聖,22,875969630,上櫃,生技醫療業,生技醫療業,22
6716,應廣科技股份有限公司,應廣,24,306133140,上櫃,半導體業,半導體業,24
6720,久昌科技股份有限公司,久昌,24,258950360,上櫃,半導體業,半導體業,24
6721,信實保全股份有限公司,信實,20,225000000,上櫃,其他,其他,20
6727,亞泰金屬工業股份有限公司,亞泰金屬,28,268841770,上櫃,電子零組件業,電子零組件業,28
6728,上洋產業股份有限公司,上洋,38,301100000,上櫃,居家生活,居家生活,38
6732,昇佳電子股份有限公司,昇佳電子,24,489126180,上櫃,半導體業,半導體業,24
6733,博晟生醫股份有限公司,博晟生醫,22,1242560260,上櫃,生技醫療業,生技醫療業,22
6735,美達科技股份有限公司,美達科技,31,439831350,上櫃,其他電子業,其他電子業,31
6739,竹陞科技股份有限公司,竹陞科技,31,232612500,上櫃,其他電子業,其他電子業,31
6741,91APP, Inc.,KY 開曼群島                                                    ,02-26538091,上櫃,,,
6747,亨泰光學股份有限公司,亨泰光,22,272000000,上櫃,生技醫療業,生技醫療業,22
6751,智聯服務股份有限公司,智聯服務,30,222000000,上櫃,資訊服務業,資訊服務業,30
6752,叡揚資訊股份有限公司,叡揚,30,353751400,上櫃,資訊服務業,資訊服務業,30
6761,穩得實業股份有限公司,穩得,28,341128210,上櫃,電子零組件業,電子零組件業,28
6762,達亞國際股份有限公司,達亞,22,305493060,上櫃,生技醫療業,生技醫療業,22
6763,綠界科技股份有限公司,綠界科技*,36,184039130,上櫃,數位雲端,數位雲端,36
6767,台灣微創醫療器材股份有限公司,台微醫,22,391836300,上櫃,生技醫療業,生技醫療業,22
6785,昱展新藥生技股份有限公司,昱展新藥,22,668000000,上櫃,生技醫療業,生技醫療業,22
6788,華景電通股份有限公司,華景電,24,387396830,上櫃,半導體業,半導體業,24
6791,虎門科技股份有限公司,虎門科技,30,208470000,上櫃,資訊服務業,資訊服務業,30
6803,崑鼎綠能環保股份有限公司,崑鼎,35,724652310,上櫃,綠能環保,綠能環保,35
6804,明係事業股份有限公司,明係,37,350000000,上櫃,運動休閒,運動休閒,37
6811,宏資訊服務股份有限公司,宏資訊,36,414490000,上櫃,數位雲端,數位雲端,36
6821,聯寶電子股份有限公司,聯寶,28,312832650,上櫃,電子零組件業,電子零組件業,28
6823,濾能股份有限公司,濾能,24,277384750,上櫃,半導體業,半導體業,24
6829,千附精密股份有限公司,千附精密,24,591690000,上櫃,半導體業,半導體業,24
6840,東研信超股份有限公司,東研信超,31,303058000,上櫃,其他電子業,其他電子業,31
6841,長佳智能股份有限公司,長佳智能,22,972402500,上櫃,生技醫療業,生技醫療業,22
6843,進典工業股份有限公司,進典,05,333040000,上櫃,電機機械,電機機械,05
6844,諾貝兒寶貝股份有限公司,諾貝兒,22,374284400,上櫃,生技醫療業,生技醫療業,22
6846,綠茵生技股份有限公司,綠茵,02,269937000,上櫃,食品工業,食品工業,02
6855,數泓科技股份有限公司,數泓科,31,232497160,上櫃,其他電子業,其他電子業,31
6856,鑫傳國際多媒體科技股份有限公司,鑫傳,32,282000000,上櫃,--,文化創意業,32
6859,伯特光電股份有限公司,伯特光,26,414700000,上櫃,光電業,光電業,26
6865,偉康科技股份有限公司,偉康科技,36,146735000,上櫃,數位雲端,數位雲端,36
6870,騰雲科技服務股份有限公司,騰雲,36,228900000,上櫃,數位雲端,數位雲端,36
6872,浩宇生醫股份有限公司,浩宇生醫,22,707400110,上櫃,生技醫療業,生技醫療業,22
6874,倍力資訊股份有限公司,倍力,30,220000000,上櫃,資訊服務業,資訊服務業,30
6875,國邑藥品科技股份有限公司,國邑*,22,645432020,上櫃,生技醫療業,生技醫療業,22
6877,鏵友益科技股份有限公司,鏵友益,31,426973840,上櫃,其他電子業,其他電子業,31
6881,潤德室內裝修設計工程(股)公司,潤德,20,150000000,上櫃,其他,其他,20
6894,衛司特科技股份有限公司,衛司特,35,238000000,上櫃,綠能環保,綠能環保,35
6895,宏碩系統股份有限公司,宏碩系統,24,341000000,上櫃,半導體業,半導體業,24
6899,創為精密材料股份有限公司,創為精密,26,423984910,上櫃,光電業,光電業,26
6903,巨漢系統科技股份有限公司,巨漢,31,666760000,上櫃,其他電子業,其他電子業,31
6904,伯鑫工具股份有限公司,伯鑫,20,185000000,上櫃,其他,其他,20
6913,鴻呈實業股份有限公司,鴻呈,28,417165360,上櫃,電子零組件業,電子零組件業,28
6922,宸曜科技股份有限公司,宸曜,25,257781280,上櫃,電腦及週邊設備業,電腦及週邊設備業,25
6925,意藍資訊股份有限公司,意藍,36,200003000,上櫃,數位雲端,數位雲端,36
6929,佑全藥品股份有限公司,佑全,22,449855000,上櫃,生技醫療業,生技醫療業,22
6953,家碩科技股份有限公司,家碩,24,300146000,上櫃,半導體業,半導體業,24
6967,汎瑋材料科技股份有限公司,汎瑋材料,28,249044770,上櫃,電子零組件業,電子零組件業,28
6968,萬達寵物事業股份有限公司,萬達寵物,38,436300000,上櫃,居家生活,居家生活,38
6982,大井泵浦工業股份有限公司,大井泵浦,05,403491000,上櫃,電機機械,電機機械,05
6996,力領科技股份有限公司,力領科技,24,419193330,上櫃,半導體業,半導體業,24
6997,博弘雲端科技股份有限公司,博弘,36,221005000,上櫃,數位雲端,數位雲端,36
7402,邑錡股份有限公司,邑錡,26,352294210,上櫃,光電業,光電業,26
7556,意德士科技股份有限公司,意德士科技,24,252568220,上櫃,半導體業,半導體業,24
7584,樂意傳播股份有限公司,樂意,32,164628080,上櫃,--,文化創意業,32
7642,昶瑞機電股份有限公司,昶瑞機電,05,301500000,上櫃,電機機械,電機機械,05
7703,銳澤實業股份有限公司,銳澤,31,347450000,上櫃,其他電子業,其他電子業,31
7704,明遠精密科技股份有限公司,明遠精密,24,336033040,上櫃,半導體業,半導體業,24
7708,全家國際餐飲股份有限公司,全家餐飲,16,255000000,上櫃,觀光事業,觀光事業,16
7709,榮田精機股份有限公司,榮田,05,391027400,上櫃,電機機械,電機機械,05
7712,博盛半導體股份有限公司,博盛半導體,24,325618730,上櫃,半導體業,半導體業,24
7713,威力德生醫股份有限公司,威力德生醫,22,454788430,上櫃,生技醫療業,生技醫療業,22
7714,創泓科技股份有限公司,創泓科技,36,210000000,上櫃,數位雲端,數位雲端,36
7715,裕山環境工程股份有限公司,裕山,35,331800000,上櫃,綠能環保,綠能環保,35
7718,友鋮股份有限公司,友鋮,10,463564840,上櫃,鋼鐵工業,鋼鐵工業,10
7723,築間餐飲事業股份有限公司,築間,16,506195500,上櫃,觀光事業,觀光事業,16
7728,光焱科技股份有限公司,光焱科技,31,138540800,上櫃,其他電子業,其他電子業,31
7734,印能科技股份有限公司,印能科技,24,223350000,上櫃,半導體業,半導體業,24
7743,金利食安科技股份有限公司,金利食安,02,364833380,上櫃,食品工業,食品工業,02
8024,佑華微電子股份有限公司,佑華,24,451601000,上櫃,半導體業,半導體業,24
8027,鈦昇科技股份有限公司,鈦昇,05,1084956410,上櫃,電機機械,電機機械,05
8032,光菱電子股份有限公司,光菱,29,518103000,上櫃,電子通路業,電子通路業,29
8034,榮群電訊股份有限公司,榮群,27,565863530,上櫃,通信網路業,通信網路業,27
8038,長園科技實業股份有限公司,長園科,28,622781900,上櫃,電子零組件業,電子零組件業,28
8040,九暘電子股份有限公司,九暘,24,964138740,上櫃,半導體業,半導體業,24
8042,臺灣金山電子工業股份有限公司,金山電,28,1294625490,上櫃,電子零組件業,電子零組件業,28
8043,蜜望實企業股份有限公司,蜜望實,28,799071700,上櫃,電子零組件業,電子零組件業,28
8044,網路家庭國際資訊股份有限公司,網家,36,2056470650,上櫃,數位雲端,數位雲端,36
8047,星雲電腦股份有限公司,星雲,31,416663430,上櫃,其他電子業,其他電子業,31
8048,德勝科技股份有限公司,德勝,27,577057520,上櫃,通信網路業,通信網路業,27
8049,晶采光電科技股份有限公司,晶采,26,1182798080,上櫃,光電業,光電業,26
8050,廣積科技股份有限公司,廣積,25,2051780350,上櫃,電腦及週邊設備業,電腦及週邊設備業,25
8054,安國國際科技股份有限公司,安國,24,1057725660,上櫃,半導體業,半導體業,24
8059,凱碩科技股份有限公司,凱碩,27,1934417500,上櫃,通信網路業,通信網路業,27
8064,東捷科技股份有限公司,東捷,26,1648178360,上櫃,光電業,光電業,26
8066,來思達國際企業股份有限公司,來思達,38,296423040,上櫃,居家生活,居家生活,38
8067,志旭國際股份有限公司,志旭,29,207000000,上櫃,電子通路業,電子通路業,29
8068,全達國際股份有限公司,全達,29,807659490,上櫃,電子通路業,電子通路業,29
8069,元太科技工業股份有限公司,元太,26,11498941570,上櫃,光電業,光電業,26
8071,能率網通股份有限公司,能率網通,28,600842830,上櫃,電子零組件業,電子零組件業,28
8074,鉅橡企業股份有限公司,鉅橡,28,809744660,上櫃,電子零組件業,電子零組件業,28
8076,伍豐科技股份有限公司,伍豐,25,2922135920,上櫃,電腦及週邊設備業,電腦及週邊設備業,25
8077,洛實業股份有限公司,洛,16,219456690,上櫃,觀光事業,觀光事業,16
8080,泰霖事業股份有限公司,泰霖,14,631638210,上櫃,建材營造,建材營造,14
8083,瑞穎股份有限公司,瑞穎,05,351331930,上櫃,電機機械,電機機械,05
8084,巨虹電子股份有限公司,巨虹,29,695141490,上櫃,電子通路業,電子通路業,29
8085,福華電子股份有限公司,福華,31,1399830600,上櫃,其他電子業,其他電子業,31
8086,宏捷科技股份有限公司,宏捷科,24,1965161230,上櫃,半導體業,半導體業,24
8087,麗升能源科技股份有限公司,麗升能源,35,389609650,上櫃,綠能環保,綠能環保,35
8088,品安科技股份有限公司,品安,24,609217499,上櫃,半導體業,半導體業,24
8089,康全電訊股份有限公司,康全電訊,27,586655270,上櫃,通信網路業,通信網路業,27
8091,翔名科技股份有限公司,翔名,24,527601140,上櫃,半導體業,半導體業,24
8092,建暐精密科技股份有限公司,建暐,31,571723250,上櫃,其他電子業,其他電子業,31
8093,保銳科技股份有限公司,保銳,28,609459450,上櫃,電子零組件業,電子零組件業,28
8096,擎亞電子股份有限公司,擎亞,29,1493430660,上櫃,電子通路業,電子通路業,29
8097,常珵科技股份有限公司,常珵,27,660644680,上櫃,通信網路業,通信網路業,27
8099,大同世界科技股份有限公司,大世科,30,885600000,上櫃,資訊服務業,資訊服務業,30
8107,大億金茂股份有限公司,大億金茂,05,750000000,上櫃,電機機械,電機機械,05
8109,博大科技股份有限公司,博大,28,821612360,上櫃,電子零組件業,電子零組件業,28
8111,立電子工業股份有限公司,立,26,1091022230,上櫃,光電業,光電業,26
8121,越峰電子材料股份有限公司,越峰,28,2129937430,上櫃,電子零組件業,電子零組件業,28
8147,正淩精密工業股份有限公司,正淩,28,405891660,上櫃,電子零組件業,電子零組件業,28
8155,博智電子股份有限公司,博智,28,557675500,上櫃,電子零組件業,電子零組件業,28
8171,天宇工業股份有限公司,天宇,35,1124642820,上櫃,綠能環保,綠能環保,35
8176,智捷科技股份有限公司,智捷,27,717010000,上櫃,通信網路業,通信網路業,27
8182,加高電子股份有限公司,加高,28,1070412150,上櫃,電子零組件業,電子零組件業,28
8183,台灣精星科技股份有限公司,精星,31,1212510680,上櫃,其他電子業,其他電子業,31
8227,巨有科技股份有限公司,巨有科技,24,395430000,上櫃,半導體業,半導體業,24
8234,新漢股份有限公司,新漢,25,1412264720,上櫃,電腦及週邊設備業,電腦及週邊設備業,25
8240,華宏新技股份有限公司,華宏,26,1000044140,上櫃,光電業,光電業,26
8255,朋程科技股份有限公司,朋程,05,1017334800,上櫃,電機機械,電機機械,05
8272,全景軟體股份有限公司,全景軟體,30,189977550,上櫃,資訊服務業,資訊服務業,30
8277,商丞科技股份有限公司,商丞,24,916288330,上櫃,半導體業,半導體業,24
8279,生展生物科技股份有限公司,生展,22,271008510,上櫃,生技醫療業,生技醫療業,22
8284,三竹資訊股份有限公司,三竹,30,463420000,上櫃,資訊服務業,資訊服務業,30
8289,泰藝電子股份有限公司,泰藝,28,683337650,上櫃,電子零組件業,電子零組件業,28
8291,尚茂電子材料股份有限公司,尚茂,28,647350000,上櫃,電子零組件業,電子零組件業,28
8299,群聯電子股份有限公司,群聯,24,2065528280,上櫃,半導體業,半導體業,24
8342,益張實業股份有限公司,益張,20,335366920,上櫃,其他,其他,20
8349,耀國際股份有限公司,耀國際,10,1996131640,上櫃,鋼鐵工業,鋼鐵工業,10
8354,冠好科技股份有限公司,冠好,20,785322630,上櫃,其他,其他,20
8358,金居開發股份有限公司,金居,28,2525880000,上櫃,電子零組件業,電子零組件業,28
8383,千附實業股份有限公司,千附,24,1137604820,上櫃,半導體業,半導體業,24
8390,金益鼎企業股份有限公司,金益鼎,35,961161280,上櫃,綠能環保,綠能環保,35
8401,白紗科技印刷股份有限公司,白紗科,20,660458480,上櫃,其他,其他,20
8403,盛弘醫藥股份有限公司,盛弘,22,1310860410,上櫃,生技醫療業,生技醫療業,22
8409,商之器科技股份有限公司,商之器,22,320000000,上櫃,生技醫療業,生技醫療業,22
8410,森田印刷廠股份有限公司,森田,25,365892000,上櫃,電腦及週邊設備業,電腦及週邊設備業,25
8415,大成國際鋼鐵股份有限公司,大國鋼,10,10315000000,上櫃,鋼鐵工業,鋼鐵工業,10
8416,實威國際股份有限公司,實威,30,282107100,上櫃,資訊服務業,資訊服務業,30
8421,旭源包裝科技股份有限公司,旭源,20,548171400,上櫃,其他,其他,20
8423,保綠資源股份有限公司,保綠-KY,35,20091103,上櫃,綠能環保,綠能環保,35
8424,惠普股份有限公司,惠普,14,360543680,上櫃,建材營造,建材營造,14
8426,紅木集團有限公司,紅木-KY,20,20111213,上櫃,其他,其他,20
8431,匯鑽科技股份有限公司,匯鑽科,31,443914820,上櫃,其他電子業,其他電子業,31
8432,東生華製藥股份有限公司,東生華,22,383981400,上櫃,生技醫療業,生技醫療業,22
8433,弘帆股份有限公司,弘帆,38,542128740,上櫃,居家生活,居家生活,38
8435,台灣鉅邁股份有限公司,鉅邁,20,317004500,上櫃,其他,其他,20
8436,大江生醫股份有限公司,大江,22,1177288300,上櫃,生技醫療業,生技醫療業,22
8437,大地幼教股份有限公司,大地-KY,20,478510700,上櫃,其他,其他,20
8440,綠電再生股份有限公司,綠電,35,437002590,上櫃,綠能環保,綠能環保,35
8444,綠河股份有限公司,綠河-KY,20,6674328955,上櫃,其他,其他,20
8446,華研國際音樂股份有限公司,華研,32,529144050,上櫃,--,文化創意業,32
8450,霹靂國際多媒體股份有限公司,霹靂,32,513099470,上櫃,--,文化創意業,32
8455,蓋曼群島商日本大拓股份有限公司,大拓-KY,31,20140107,上櫃,其他電子業,其他電子業,31
8472,夠麻吉股份有限公司,夠麻吉,36,177358000,上櫃,數位雲端,數位雲端,36
8477,創業家兄弟股份有限公司,創業家,36,641706160,上櫃,數位雲端,數位雲端,36
8489,三貝德數位文創股份有限公司,三貝德,20,375756300,上櫃,其他,其他,20
8905,裕國冷凍冷藏股份有限公司,裕國,20,1194400000,上櫃,其他,其他,20
8906,花王企業股份有限公司,花王,20,440373700,上櫃,其他,其他,20
8908,欣雄天然氣股份有限公司,欣雄,23,3061482930,上櫃,油電燃氣業,油電燃氣業,23
8916,光隆實業股份有限公司,光隆,20,1514187510,上櫃,其他,其他,20
8917,欣泰石油氣股份有限公司,欣泰,23,1626524590,上櫃,油電燃氣業,油電燃氣業,23
8921,沈氏藝術印刷股份有限公司,沈氏,20,465921590,上櫃,其他,其他,20
8923,時報文化出版企業股份有限公司,時報,32,303758000,上櫃,--,文化創意業,32
8924,大田精密工業股份有限公司,大田,37,838000000,上櫃,運動休閒,運動休閒,37
8927,北基國際股份有限公司,北基,23,3693170730,上櫃,油電燃氣業,油電燃氣業,23
8928,鉅明股份有限公司,鉅明,37,508540150,上櫃,運動休閒,運動休閒,37
8929,富堡工業股份有限公司,富堡,20,505808620,上櫃,其他,其他,20
8930,青鋼應用材料股份有限公司,青鋼,10,818094060,上櫃,鋼鐵工業,鋼鐵工業,10
8931,大園汽電共生股份有限公司,大汽電,23,1222548620,上櫃,油電燃氣業,油電燃氣業,23
8932,智通科創股份有限公司,智通*,20,825896310,上櫃,其他,其他,20
8933,愛地雅工業股份有限公司,愛地雅,37,3267243050,上櫃,運動休閒,運動休閒,37
8935,邦泰複合材料股份有限公司,邦泰,20,1134950000,上櫃,其他,其他,20
8936,國統國際股份有限公司,國統,20,2480781570,上櫃,其他,其他,20
8937,合騏工業股份有限公司,合騏,20,1023200680,上櫃,其他,其他,20
8938,明安國際企業股份有限公司,明安,37,1552499040,上櫃,運動休閒,運動休閒,37
8941,關中股份有限公司,關中,38,349720710,上櫃,居家生活,居家生活,38
8942,森鉅科技材料股份有限公司,森鉅,20,1988422550,上櫃,其他,其他,20
9949,琉園股份有限公司,琉園,32,440333600,上櫃,--,文化創意業,32
9950,萬國通路股份有限公司,萬國通,03,1677160000,上櫃,塑膠工業,塑膠工業,03
9951,皇田工業股份有限公司,皇田,05,749000000,上櫃,電機機械,電機機械,05
9960,邁達康網路事業股份有限公司,邁達康,37,335925000,上櫃,運動休閒,運動休閒,37
9962,有益鋼鐵股份有限公司,有益,10,902202600,上櫃,鋼鐵工業,鋼鐵工業,10
,,,,,上櫃,,,
